time,0,1,2,3,4,5,6,7,8,9,10,11,12,13,14,15,16,17,18,19,20,21,22,23,24,25,26,27,28,29,30,31,32,33,34,35,36,37,38,39,40,41,42,43,44,45,46,47,48,49,50,51,52,53,54,55,56,57,58,59,60,61,62,63,64,65,66,67,68,69,70,71,72,73,74,75,76,77,78,79,80,81,82,83,84,85,86,87,88,89,90,91,92,93,94,95,96,97,98,99,100,101,102,103,104,105,106,107,108,109,110,111,112,113,114,115,116,117,118,119,120,121,122,123,124,125,126,127,128,129,130,131,132,133,134,135,136,137,138,139,140,141,142,143,144,145,146,147,148,149,150,151,152,153,154,155,156,157,158,159,160,161,162,163,164,165,166,167,168
0,-1,-1,-1,-1,-1,-1,-1,-1,-1,-1,-1,-1,-1,-1,-1,-1,-1,-1,-1,-1,-1,-1,-1,-1,-1,-1,-1,-1,-1,-1,-1,-1,-1,-1,-1,-1,-1,-1,-1,-1,-1,-1,-1,-1,-1,-1,-1,-1,-1,-1,-1,-1,-1,-1,-1,-1,-1,-1,-1,-1,-1,-1,-1,0,-1,-1,-1,-1,-1,-1,-1,-1,-1,-1,-1,-1,-1,-1,-1,-1,-1,-1,-1,-1,-1,-1,-1,-1,-1,-1,-1,-1,-1,-1,-1,-1,-1,-1,-1,-1,-1,-1,-1,-1,-1,-1,-1,-1,-1,-1,-1,-1,-1,-1,-1,-1,-1,-1,-1,-1,-1,-1,-1,-1,-1,-1,-1,-1,-1,-1,-1,-1,-1,-1,-1,-1,-1,-1,-1,-1,-1,-1,-1,-1,-1,-1,-1,-1,-1,-1,-1,-1,-1,-1,-1,-1,-1,-1,-1,-1,-1,-1,-1,-1,-1,-1,-1,-1,-1
1,-1,1,-1,-1,-1,-1,-1,-1,-1,-1,-1,-1,-1,-1,-1,-1,-1,-1,-1,-1,-1,-1,-1,-1,-1,-1,-1,-1,-1,-1,-1,-1,-1,-1,-1,-1,-1,-1,-1,-1,-1,-1,-1,-1,-1,-1,-1,-1,-1,-1,-1,-1,-1,-1,-1,-1,-1,-1,-1,-1,-1,-1,-1,0,-1,-1,-1,-1,-1,-1,-1,-1,-1,-1,-1,-1,-1,-1,-1,-1,-1,-1,-1,-1,-1,-1,-1,-1,-1,-1,-1,-1,-1,-1,-1,-1,-1,-1,-1,-1,-1,-1,-1,-1,-1,-1,-1,-1,-1,-1,-1,-1,-1,-1,-1,-1,-1,-1,-1,-1,-1,-1,-1,-1,-1,-1,-1,-1,-1,-1,-1,-1,-1,-1,-1,-1,-1,-1,-1,-1,-1,-1,-1,-1,-1,-1,-1,-1,-1,-1,-1,-1,-1,-1,-1,-1,-1,-1,-1,-1,-1,-1,-1,-1,-1,-1,-1,-1,-1
2,-1,1,-1,-1,-1,-1,-1,-1,-1,-1,-1,-1,-1,-1,-1,-1,-1,-1,-1,-1,-1,-1,-1,-1,-1,-1,-1,-1,-1,-1,-1,-1,-1,-1,-1,-1,-1,-1,-1,-1,-1,-1,-1,-1,-1,-1,-1,-1,-1,-1,-1,-1,-1,-1,-1,-1,-1,-1,-1,-1,-1,-1,-1,0,-1,-1,-1,-1,-1,-1,-1,-1,-1,-1,0,-1,-1,-1,-1,-1,-1,-1,-1,-1,-1,-1,-1,-1,-1,-1,-1,-1,-1,-1,-1,-1,-1,-1,-1,-1,-1,-1,-1,-1,-1,-1,-1,-1,-1,-1,-1,-1,-1,-1,-1,-1,-1,-1,-1,-1,-1,-1,-1,-1,-1,-1,-1,-1,-1,-1,-1,-1,-1,-1,-1,-1,-1,-1,-1,-1,-1,-1,-1,-1,-1,-1,-1,-1,-1,-1,-1,-1,-1,-1,-1,-1,-1,-1,-1,-1,-1,-1,-1,-1,-1,-1,-1,-1,-1
3,-1,1,-1,-1,-1,-1,-1,-1,-1,-1,-1,-1,-1,-1,-1,-1,-1,-1,-1,-1,-1,-1,-1,-1,-1,-1,-1,-1,-1,-1,-1,-1,-1,-1,-1,-1,-1,-1,-1,-1,-1,-1,-1,-1,-1,-1,-1,-1,-1,-1,-1,-1,-1,-1,-1,-1,-1,-1,-1,-1,-1,-1,-1,0,-1,-1,-1,-1,-1,-1,-1,-1,-1,-1,0,-1,-1,-1,-1,-1,-1,-1,-1,-1,-1,-1,-1,-1,-1,-1,-1,-1,0,-1,-1,-1,-1,-1,-1,-1,-1,-1,-1,-1,-1,-1,-1,-1,-1,-1,-1,-1,-1,-1,-1,-1,-1,-1,-1,-1,-1,-1,-1,-1,-1,-1,-1,-1,-1,-1,-1,-1,-1,-1,-1,-1,-1,-1,-1,-1,-1,-1,-1,-1,-1,-1,-1,-1,-1,-1,-1,-1,-1,-1,-1,-1,-1,-1,-1,-1,-1,-1,-1,-1,-1,-1,-1,-1,-1
4,-1,1,-1,-1,-1,-1,-1,-1,-1,-1,-1,-1,-1,-1,-1,-1,-1,-1,-1,-1,-1,-1,-1,-1,-1,-1,-1,-1,-1,-1,-1,-1,-1,-1,-1,-1,-1,-1,-1,-1,-1,-1,-1,-1,-1,-1,-1,-1,-1,-1,-1,-1,-1,-1,-1,-1,-1,-1,-1,-1,-1,-1,-1,0,-1,-1,-1,-1,-1,-1,-1,-1,-1,-1,0,-1,-1,-1,-1,-1,-1,-1,-1,-1,-1,-1,-1,-1,-1,-1,-1,-1,0,-1,-1,-1,-1,-1,-1,-1,-1,-1,-1,-1,-1,-1,-1,-1,-1,-1,-1,-1,-1,-1,-1,-1,-1,-1,-1,-1,-1,-1,-1,-1,-1,-1,-1,-1,-1,-1,-1,-1,-1,1,-1,-1,-1,-1,-1,-1,-1,-1,-1,-1,-1,-1,-1,-1,-1,-1,-1,-1,-1,-1,-1,-1,-1,-1,-1,-1,-1,-1,-1,-1,-1,-1,-1,-1,-1
5,-1,1,-1,-1,-1,-1,-1,-1,-1,-1,-1,-1,-1,-1,-1,-1,-1,-1,-1,-1,-1,-1,-1,-1,-1,-1,-1,-1,-1,-1,-1,-1,-1,-1,-1,-1,-1,-1,-1,-1,-1,-1,-1,-1,-1,-1,-1,-1,-1,-1,-1,-1,-1,-1,-1,-1,-1,-1,-1,-1,-1,-1,-1,0,-1,-1,-1,-1,-1,-1,-1,-1,-1,-1,0,-1,-1,-1,-1,-1,-1,-1,-1,-1,-1,-1,-1,-1,-1,-1,-1,-1,0,-1,-1,-1,-1,-1,-1,-1,-1,-1,-1,-1,-1,-1,-1,-1,-1,-1,-1,-1,-1,-1,-1,-1,-1,-1,-1,-1,-1,-1,-1,-1,-1,-1,-1,-1,-1,-1,-1,-1,-1,1,-1,-1,-1,-1,-1,-1,-1,-1,-1,-1,-1,1,-1,-1,-1,-1,-1,-1,-1,-1,-1,-1,-1,-1,-1,-1,-1,-1,-1,-1,-1,-1,-1,-1,-1
6,-1,1,-1,-1,-1,-1,-1,-1,-1,-1,-1,-1,-1,-1,-1,-1,-1,-1,-1,-1,-1,-1,-1,-1,-1,-1,-1,-1,-1,-1,-1,-1,-1,-1,-1,-1,-1,-1,-1,-1,-1,-1,-1,-1,-1,-1,-1,-1,-1,-1,-1,-1,-1,-1,-1,-1,-1,-1,-1,-1,-1,-1,-1,0,-1,-1,-1,-1,-1,-1,-1,-1,-1,-1,0,-1,-1,-1,-1,-1,-1,-1,-1,-1,-1,-1,-1,-1,-1,-1,-1,-1,0,-1,-1,-1,-1,-1,-1,-1,-1,-1,-1,-1,-1,-1,-1,-1,-1,-1,-1,-1,-1,-1,-1,-1,-1,-1,-1,-1,-1,-1,-1,-1,-1,-1,-1,-1,-1,-1,-1,-1,-1,1,-1,-1,-1,-1,-1,-1,-1,-1,-1,-1,-1,1,-1,-1,-1,-1,-1,-1,-1,-1,-1,-1,1,-1,-1,-1,-1,-1,-1,-1,-1,-1,-1,-1,-1
7,-1,1,-1,-1,-1,-1,-1,-1,-1,-1,-1,-1,-1,-1,-1,-1,-1,-1,0,-1,-1,-1,-1,-1,-1,-1,-1,-1,-1,-1,-1,-1,-1,-1,-1,-1,-1,-1,-1,-1,-1,-1,-1,-1,-1,-1,-1,-1,-1,-1,-1,-1,-1,-1,-1,-1,-1,-1,-1,-1,-1,-1,-1,0,-1,-1,-1,-1,-1,-1,-1,-1,-1,-1,0,-1,-1,-1,-1,-1,-1,-1,-1,-1,-1,-1,-1,-1,-1,-1,-1,-1,0,-1,-1,-1,-1,-1,-1,-1,-1,-1,-1,-1,-1,-1,-1,-1,-1,-1,-1,-1,-1,-1,-1,-1,-1,-1,-1,-1,-1,-1,-1,-1,-1,-1,-1,-1,-1,-1,-1,-1,-1,1,-1,-1,-1,-1,-1,-1,-1,-1,-1,-1,-1,1,-1,-1,-1,-1,-1,-1,-1,-1,-1,-1,1,-1,-1,-1,-1,-1,-1,-1,-1,-1,-1,-1,-1
8,-1,1,-1,-1,-1,-1,-1,-1,-1,-1,-1,-1,-1,0,-1,-1,-1,-1,0,-1,-1,-1,-1,-1,-1,-1,-1,-1,-1,-1,-1,-1,-1,-1,-1,-1,-1,-1,-1,-1,-1,-1,-1,-1,-1,-1,-1,-1,-1,-1,-1,-1,-1,-1,-1,-1,-1,-1,-1,-1,-1,-1,-1,0,-1,-1,-1,-1,-1,-1,-1,-1,-1,-1,0,-1,-1,-1,-1,-1,-1,-1,-1,-1,-1,-1,-1,-1,-1,-1,-1,-1,0,-1,-1,-1,-1,-1,-1,-1,-1,-1,-1,-1,-1,-1,-1,-1,-1,-1,-1,-1,-1,-1,-1,-1,-1,-1,-1,-1,-1,-1,-1,-1,-1,-1,-1,-1,-1,-1,-1,-1,-1,1,-1,-1,-1,-1,-1,-1,-1,-1,-1,-1,-1,1,-1,-1,-1,-1,-1,-1,-1,-1,-1,-1,1,-1,-1,-1,-1,-1,-1,-1,-1,-1,-1,-1,-1
9,-1,1,-1,-1,-1,-1,-1,-1,-1,-1,-1,-1,-1,0,-1,-1,-1,-1,0,-1,-1,-1,-1,-1,-1,-1,-1,-1,-1,-1,-1,-1,-1,-1,-1,-1,-1,-1,-1,-1,-1,-1,-1,-1,-1,-1,-1,-1,-1,-1,-1,-1,-1,-1,-1,-1,-1,-1,-1,-1,-1,-1,-1,0,-1,-1,-1,-1,-1,-1,-1,-1,-1,-1,0,-1,-1,-1,-1,-1,-1,-1,-1,-1,-1,-1,-1,-1,-1,-1,-1,-1,0,-1,-1,-1,-1,-1,-1,-1,-1,-1,-1,-1,-1,-1,-1,-1,-1,-1,-1,-1,-1,-1,-1,-1,-1,-1,-1,-1,-1,-1,-1,-1,-1,-1,-1,-1,-1,-1,-1,-1,-1,1,-1,-1,-1,-1,-1,-1,-1,-1,-1,-1,-1,1,-1,-1,-1,-1,0,-1,-1,-1,-1,-1,1,-1,-1,-1,-1,-1,-1,-1,-1,-1,-1,-1,-1
10,-1,1,-1,-1,-1,-1,-1,-1,-1,-1,-1,-1,-1,0,-1,-1,-1,-1,0,-1,-1,-1,-1,-1,-1,-1,-1,-1,-1,-1,-1,-1,-1,-1,-1,-1,-1,-1,-1,-1,-1,-1,-1,-1,-1,-1,-1,-1,0,-1,-1,-1,-1,-1,-1,-1,-1,-1,-1,-1,-1,-1,-1,0,-1,-1,-1,-1,-1,-1,-1,-1,-1,-1,0,-1,-1,-1,-1,-1,-1,-1,-1,-1,-1,-1,-1,-1,-1,-1,-1,-1,0,-1,-1,-1,-1,-1,-1,-1,-1,-1,-1,-1,-1,-1,-1,-1,-1,-1,-1,-1,-1,-1,-1,-1,-1,-1,-1,-1,-1,-1,-1,-1,-1,-1,-1,-1,-1,-1,-1,-1,-1,1,-1,-1,-1,-1,-1,-1,-1,-1,-1,-1,-1,1,-1,-1,-1,-1,0,-1,-1,-1,-1,-1,1,-1,-1,-1,-1,-1,-1,-1,-1,-1,-1,-1,-1
11,-1,1,-1,-1,-1,-1,-1,-1,-1,-1,-1,-1,-1,0,-1,-1,-1,-1,0,-1,-1,-1,-1,-1,-1,-1,-1,-1,-1,-1,-1,-1,-1,-1,-1,-1,-1,-1,-1,-1,-1,-1,-1,-1,-1,-1,-1,-1,0,-1,-1,-1,-1,-1,-1,-1,-1,-1,-1,-1,-1,-1,-1,0,-1,-1,-1,-1,-1,-1,-1,-1,-1,-1,0,-1,-1,-1,-1,-1,-1,-1,-1,-1,-1,-1,-1,-1,-1,-1,-1,-1,0,-1,-1,-1,-1,-1,-1,-1,-1,-1,-1,-1,-1,-1,-1,-1,-1,-1,-1,-1,-1,-1,-1,-1,-1,-1,-1,-1,-1,-1,1,-1,-1,-1,-1,-1,-1,-1,-1,-1,-1,1,-1,-1,-1,-1,-1,-1,-1,-1,-1,-1,-1,1,-1,-1,-1,-1,0,-1,-1,-1,-1,-1,1,-1,-1,-1,-1,-1,-1,-1,-1,-1,-1,-1,-1
12,-1,1,-1,-1,-1,-1,-1,-1,-1,-1,-1,-1,-1,0,-1,-1,-1,-1,0,-1,-1,-1,-1,-1,-1,-1,-1,-1,-1,-1,-1,-1,-1,-1,-1,-1,-1,-1,-1,-1,-1,-1,-1,-1,-1,-1,-1,-1,0,-1,-1,-1,-1,-1,-1,-1,-1,-1,-1,-1,-1,-1,-1,0,-1,-1,-1,-1,-1,-1,-1,-1,-1,-1,0,-1,-1,-1,-1,-1,-1,-1,-1,-1,-1,-1,-1,-1,-1,-1,-1,-1,0,-1,-1,-1,-1,-1,-1,-1,-1,-1,-1,-1,-1,-1,-1,-1,-1,-1,-1,-1,-1,-1,-1,-1,-1,-1,-1,-1,-1,-1,1,-1,-1,-1,-1,-1,-1,-1,-1,-1,-1,1,-1,-1,-1,-1,-1,-1,-1,-1,-1,-1,-1,1,-1,-1,-1,-1,0,-1,-1,-1,-1,-1,1,-1,-1,-1,-1,-1,-1,0,-1,-1,-1,-1,-1
13,-1,1,-1,-1,-1,-1,-1,-1,-1,-1,-1,-1,-1,0,-1,-1,-1,-1,0,-1,-1,-1,-1,-1,-1,-1,-1,-1,-1,-1,-1,-1,-1,-1,-1,-1,-1,-1,-1,-1,-1,-1,-1,-1,-1,-1,-1,-1,0,-1,-1,-1,-1,-1,-1,-1,-1,-1,-1,-1,-1,-1,-1,0,-1,0,-1,-1,-1,-1,-1,-1,-1,-1,0,-1,-1,-1,-1,-1,-1,-1,-1,-1,-1,-1,-1,-1,-1,-1,-1,-1,0,-1,-1,-1,-1,-1,-1,-1,-1,-1,-1,-1,-1,-1,-1,-1,-1,-1,-1,-1,-1,-1,-1,-1,-1,-1,-1,-1,-1,-1,1,-1,-1,-1,-1,-1,-1,-1,-1,-1,-1,1,-1,-1,-1,-1,-1,-1,-1,-1,-1,-1,-1,1,-1,-1,-1,-1,0,-1,-1,-1,-1,-1,1,-1,-1,-1,-1,-1,-1,0,-1,-1,-1,-1,-1
14,-1,1,-1,-1,-1,-1,-1,-1,-1,-1,-1,-1,-1,0,-1,-1,-1,-1,0,-1,-1,-1,-1,-1,-1,-1,-1,-1,-1,-1,-1,-1,-1,-1,-1,-1,-1,-1,-1,-1,-1,-1,-1,-1,-1,-1,-1,0,0,-1,-1,-1,-1,-1,-1,-1,-1,-1,-1,-1,-1,-1,-1,0,-1,0,-1,-1,-1,-1,-1,-1,-1,-1,0,-1,-1,-1,-1,-1,-1,-1,-1,-1,-1,-1,-1,-1,-1,-1,-1,-1,0,-1,-1,-1,-1,-1,-1,-1,-1,-1,-1,-1,-1,-1,-1,-1,-1,-1,-1,-1,-1,-1,-1,-1,-1,-1,-1,-1,-1,-1,1,-1,-1,-1,-1,-1,-1,-1,-1,-1,-1,1,-1,-1,-1,-1,-1,-1,-1,-1,-1,-1,-1,1,-1,-1,-1,-1,0,-1,-1,-1,-1,-1,1,-1,-1,-1,-1,-1,-1,0,-1,-1,-1,-1,-1
15,-1,1,-1,-1,-1,-1,-1,-1,-1,-1,-1,-1,-1,0,-1,-1,-1,-1,0,-1,-1,-1,-1,-1,-1,-1,-1,-1,-1,-1,-1,-1,-1,-1,-1,-1,-1,-1,-1,-1,-1,-1,-1,-1,-1,-1,-1,0,0,-1,-1,-1,-1,-1,-1,-1,-1,-1,-1,-1,-1,-1,-1,0,-1,0,-1,-1,-1,-1,-1,-1,-1,-1,0,-1,-1,-1,-1,-1,-1,-1,-1,-1,-1,-1,-1,-1,-1,-1,-1,-1,0,-1,-1,-1,-1,-1,-1,-1,-1,-1,-1,-1,-1,-1,1,-1,-1,-1,-1,-1,-1,-1,-1,-1,-1,-1,-1,-1,-1,-1,1,-1,-1,-1,-1,-1,-1,-1,-1,-1,-1,1,-1,-1,-1,-1,-1,-1,-1,-1,-1,-1,-1,1,-1,-1,-1,-1,0,-1,-1,-1,-1,-1,1,-1,-1,-1,-1,-1,-1,0,-1,-1,-1,-1,-1
16,-1,1,-1,-1,-1,-1,-1,-1,-1,-1,-1,-1,-1,0,-1,-1,-1,-1,0,-1,-1,-1,-1,-1,-1,-1,-1,-1,-1,-1,-1,-1,-1,-1,-1,-1,-1,-1,-1,-1,-1,-1,-1,-1,-1,-1,-1,0,0,-1,-1,-1,-1,-1,-1,-1,-1,-1,-1,-1,-1,-1,-1,0,-1,0,-1,-1,-1,-1,-1,-1,-1,-1,0,-1,-1,-1,-1,-1,-1,-1,-1,-1,-1,-1,-1,-1,-1,-1,-1,-1,0,-1,-1,-1,-1,-1,-1,-1,-1,-1,-1,-1,-1,-1,1,-1,-1,-1,-1,-1,-1,-1,-1,-1,-1,-1,-1,-1,-1,-1,1,-1,-1,-1,-1,-1,-1,-1,-1,-1,-1,1,-1,-1,-1,-1,-1,-1,-1,-1,-1,1,-1,1,-1,-1,-1,-1,0,-1,-1,-1,-1,-1,1,-1,-1,-1,-1,-1,-1,0,-1,-1,-1,-1,-1
17,-1,1,-1,-1,-1,-1,-1,-1,-1,-1,-1,-1,-1,0,-1,-1,-1,-1,0,-1,-1,-1,-1,-1,-1,-1,-1,-1,-1,-1,-1,-1,-1,-1,-1,-1,-1,-1,-1,-1,-1,-1,-1,-1,-1,-1,-1,0,0,-1,-1,-1,-1,-1,-1,-1,-1,-1,-1,-1,-1,-1,-1,0,-1,0,-1,-1,-1,-1,-1,-1,-1,-1,0,-1,-1,-1,-1,-1,-1,-1,-1,-1,-1,-1,-1,-1,-1,-1,-1,-1,0,-1,-1,-1,-1,-1,-1,-1,-1,-1,-1,-1,-1,-1,1,-1,-1,-1,-1,-1,-1,-1,-1,-1,-1,-1,-1,-1,-1,-1,1,-1,1,-1,-1,-1,-1,-1,-1,-1,-1,1,-1,-1,-1,-1,-1,-1,-1,-1,-1,1,-1,1,-1,-1,-1,-1,0,-1,-1,-1,-1,-1,1,-1,-1,-1,-1,-1,-1,0,-1,-1,-1,-1,-1
18,-1,1,-1,-1,-1,-1,-1,-1,-1,-1,-1,-1,-1,0,-1,-1,-1,-1,0,-1,-1,-1,-1,-1,-1,-1,-1,-1,-1,-1,-1,-1,-1,-1,-1,-1,-1,-1,-1,-1,-1,-1,-1,-1,-1,-1,-1,0,0,-1,-1,-1,-1,-1,-1,-1,-1,-1,-1,-1,-1,-1,-1,0,-1,0,-1,-1,-1,-1,-1,-1,-1,-1,0,-1,-1,-1,-1,-1,-1,-1,-1,-1,-1,-1,-1,-1,-1,-1,-1,-1,0,-1,-1,-1,-1,-1,-1,-1,-1,-1,-1,-1,-1,-1,1,-1,-1,-1,-1,-1,-1,-1,-1,-1,-1,-1,-1,-1,-1,-1,1,-1,1,-1,-1,-1,-1,-1,-1,-1,-1,1,-1,-1,-1,-1,-1,-1,-1,-1,-1,1,-1,1,-1,-1,-1,-1,0,-1,-1,-1,-1,-1,1,-1,-1,-1,-1,-1,-1,0,-1,0,-1,-1,-1
19,-1,1,-1,-1,-1,-1,-1,-1,-1,-1,-1,-1,-1,0,-1,-1,-1,-1,0,-1,-1,-1,-1,-1,-1,-1,-1,-1,-1,-1,-1,-1,-1,-1,-1,-1,-1,-1,-1,-1,-1,-1,-1,-1,-1,-1,-1,0,0,-1,-1,-1,-1,-1,-1,-1,-1,-1,-1,-1,-1,-1,-1,0,-1,0,-1,-1,-1,-1,-1,-1,-1,-1,0,-1,-1,-1,-1,-1,-1,-1,-1,-1,-1,-1,-1,-1,-1,-1,-1,-1,0,-1,-1,-1,-1,-1,-1,-1,-1,-1,-1,-1,-1,-1,1,-1,-1,-1,-1,-1,-1,-1,-1,-1,-1,-1,-1,-1,-1,-1,1,-1,1,-1,-1,-1,-1,-1,-1,-1,-1,1,-1,-1,-1,-1,-1,-1,-1,-1,-1,1,-1,1,-1,-1,-1,-1,0,-1,-1,-1,-1,-1,1,-1,-1,-1,-1,1,-1,0,-1,0,-1,-1,-1
20,-1,1,-1,-1,-1,-1,-1,-1,-1,-1,-1,-1,-1,0,-1,-1,-1,-1,0,-1,-1,-1,-1,-1,-1,-1,-1,-1,-1,-1,-1,-1,-1,-1,-1,-1,-1,0,-1,-1,-1,-1,-1,-1,-1,-1,-1,0,0,-1,-1,-1,-1,-1,-1,-1,-1,-1,-1,-1,-1,-1,-1,0,-1,0,-1,-1,-1,-1,-1,-1,-1,-1,0,-1,-1,-1,-1,-1,-1,-1,-1,-1,-1,-1,-1,-1,-1,-1,-1,-1,0,-1,-1,-1,-1,-1,-1,-1,-1,-1,-1,-1,-1,-1,1,-1,-1,-1,-1,-1,-1,-1,-1,-1,-1,-1,-1,-1,-1,-1,1,-1,1,-1,-1,-1,-1,-1,-1,-1,-1,1,-1,-1,-1,-1,-1,-1,-1,-1,-1,1,-1,1,-1,-1,-1,-1,0,-1,-1,-1,-1,-1,1,-1,-1,-1,-1,1,-1,0,-1,0,-1,-1,-1
21,-1,1,-1,-1,-1,-1,-1,-1,-1,-1,-1,-1,-1,0,-1,-1,-1,-1,0,-1,-1,-1,-1,-1,-1,-1,-1,-1,-1,-1,-1,-1,-1,-1,-1,-1,-1,0,-1,-1,-1,-1,-1,-1,-1,-1,-1,0,0,-1,-1,-1,-1,-1,-1,-1,-1,-1,-1,-1,-1,-1,-1,0,-1,0,-1,-1,-1,-1,-1,-1,-1,-1,0,-1,-1,-1,-1,-1,-1,-1,-1,-1,-1,-1,-1,-1,-1,-1,-1,-1,0,-1,-1,-1,-1,-1,-1,-1,-1,-1,-1,-1,-1,-1,1,-1,-1,-1,-1,-1,-1,-1,-1,-1,-1,-1,-1,-1,-1,-1,1,-1,1,-1,-1,-1,-1,-1,-1,-1,-1,1,-1,-1,-1,-1,0,-1,-1,-1,-1,1,-1,1,-1,-1,-1,-1,0,-1,-1,-1,-1,-1,1,-1,-1,-1,-1,1,-1,0,-1,0,-1,-1,-1
22,-1,1,-1,-1,-1,-1,-1,-1,-1,-1,-1,-1,-1,0,-1,-1,-1,-1,0,-1,-1,-1,-1,-1,-1,-1,-1,-1,-1,-1,-1,-1,-1,-1,-1,-1,-1,0,-1,-1,-1,-1,-1,-1,-1,-1,-1,0,0,-1,-1,-1,-1,-1,-1,-1,-1,-1,-1,-1,-1,-1,-1,0,-1,0,-1,-1,-1,-1,-1,-1,-1,-1,0,-1,-1,-1,-1,-1,-1,-1,-1,-1,-1,-1,-1,-1,-1,-1,-1,-1,0,-1,-1,-1,-1,-1,-1,-1,-1,-1,-1,-1,-1,-1,1,-1,-1,-1,-1,-1,-1,-1,-1,-1,-1,-1,-1,-1,-1,-1,1,-1,1,-1,-1,-1,-1,-1,-1,-1,1,1,-1,-1,-1,-1,0,-1,-1,-1,-1,1,-1,1,-1,-1,-1,-1,0,-1,-1,-1,-1,-1,1,-1,-1,-1,-1,1,-1,0,-1,0,-1,-1,-1
23,-1,1,-1,-1,-1,-1,-1,-1,-1,-1,-1,-1,-1,0,-1,-1,-1,-1,0,-1,-1,-1,-1,-1,-1,-1,-1,-1,-1,-1,-1,-1,-1,-1,-1,-1,-1,0,-1,-1,-1,-1,-1,-1,-1,-1,-1,0,0,-1,-1,-1,-1,-1,-1,-1,-1,-1,-1,-1,-1,-1,-1,0,-1,0,-1,-1,-1,-1,-1,-1,-1,-1,0,-1,-1,-1,-1,-1,-1,-1,-1,-1,-1,-1,-1,-1,-1,-1,-1,-1,0,-1,-1,-1,-1,-1,-1,-1,-1,-1,-1,-1,-1,-1,1,-1,-1,-1,-1,0,-1,-1,-1,-1,-1,-1,-1,-1,-1,-1,1,-1,1,-1,-1,-1,-1,-1,-1,-1,1,1,-1,-1,-1,-1,0,-1,-1,-1,-1,1,-1,1,-1,-1,-1,-1,0,-1,-1,-1,-1,-1,1,-1,-1,-1,-1,1,-1,0,-1,0,-1,-1,-1
24,-1,1,-1,-1,-1,-1,-1,-1,-1,-1,-1,-1,-1,0,-1,-1,-1,-1,0,-1,-1,-1,-1,-1,-1,-1,-1,-1,-1,-1,-1,-1,-1,-1,-1,-1,-1,0,-1,-1,-1,-1,-1,-1,-1,-1,-1,0,0,-1,-1,-1,-1,-1,-1,-1,-1,-1,-1,-1,-1,-1,-1,0,-1,0,-1,-1,-1,-1,-1,-1,-1,-1,0,-1,-1,-1,-1,-1,-1,-1,-1,-1,-1,-1,-1,-1,-1,-1,-1,-1,0,-1,-1,-1,-1,-1,-1,-1,-1,-1,-1,-1,-1,-1,1,-1,-1,-1,-1,0,-1,-1,-1,-1,-1,-1,-1,-1,-1,-1,1,-1,1,-1,-1,-1,-1,-1,-1,-1,1,1,-1,-1,-1,-1,0,-1,-1,-1,-1,1,-1,1,-1,-1,-1,-1,0,-1,-1,-1,-1,-1,1,-1,-1,-1,1,1,-1,0,-1,0,-1,-1,-1
25,-1,1,-1,-1,-1,-1,-1,-1,-1,-1,-1,-1,-1,0,-1,-1,-1,-1,0,-1,-1,-1,-1,-1,-1,-1,-1,-1,-1,-1,-1,-1,-1,-1,-1,-1,-1,0,-1,-1,-1,-1,-1,-1,-1,-1,-1,0,0,-1,-1,-1,-1,-1,-1,-1,-1,-1,-1,-1,-1,-1,-1,0,-1,0,-1,-1,-1,-1,-1,-1,-1,-1,0,-1,-1,-1,-1,-1,-1,-1,-1,-1,-1,0,-1,-1,-1,-1,-1,-1,0,-1,-1,-1,-1,-1,-1,-1,-1,-1,-1,-1,-1,-1,1,-1,-1,-1,-1,0,-1,-1,-1,-1,-1,-1,-1,-1,-1,-1,1,-1,1,-1,-1,-1,-1,-1,-1,-1,1,1,-1,-1,-1,-1,0,-1,-1,-1,-1,1,-1,1,-1,-1,-1,-1,0,-1,-1,-1,-1,-1,1,-1,-1,-1,1,1,-1,0,-1,0,-1,-1,-1
26,-1,1,-1,-1,-1,-1,-1,-1,-1,-1,-1,-1,-1,0,-1,-1,-1,-1,0,-1,-1,-1,-1,-1,-1,-1,-1,-1,-1,-1,-1,-1,-1,-1,-1,-1,-1,0,-1,-1,-1,-1,-1,-1,-1,-1,-1,0,0,-1,-1,-1,-1,-1,-1,-1,-1,-1,-1,-1,-1,-1,-1,0,-1,0,-1,-1,-1,-1,-1,-1,-1,-1,0,-1,-1,-1,-1,-1,0,-1,-1,-1,-1,0,-1,-1,-1,-1,-1,-1,0,-1,-1,-1,-1,-1,-1,-1,-1,-1,-1,-1,-1,-1,1,-1,-1,-1,-1,0,-1,-1,-1,-1,-1,-1,-1,-1,-1,-1,1,-1,1,-1,-1,-1,-1,-1,-1,-1,1,1,-1,-1,-1,-1,0,-1,-1,-1,-1,1,-1,1,-1,-1,-1,-1,0,-1,-1,-1,-1,-1,1,-1,-1,-1,1,1,-1,0,-1,0,-1,-1,-1
27,-1,1,-1,-1,-1,-1,-1,-1,-1,-1,-1,-1,-1,0,-1,-1,-1,-1,0,-1,-1,-1,-1,-1,-1,-1,-1,-1,-1,-1,-1,-1,-1,-1,-1,-1,-1,0,-1,-1,-1,-1,-1,-1,-1,-1,-1,0,0,-1,-1,-1,-1,-1,-1,-1,-1,-1,-1,-1,-1,-1,-1,0,-1,0,-1,-1,-1,-1,-1,-1,-1,-1,0,-1,-1,-1,-1,-1,0,-1,-1,-1,-1,0,-1,-1,-1,-1,-1,-1,0,-1,-1,-1,-1,-1,-1,-1,-1,-1,-1,-1,-1,-1,1,-1,-1,-1,-1,0,-1,-1,-1,-1,-1,-1,-1,-1,-1,-1,1,-1,1,-1,-1,-1,-1,-1,-1,-1,1,1,-1,-1,-1,-1,0,-1,0,-1,-1,1,-1,1,-1,-1,-1,-1,0,-1,-1,-1,-1,-1,1,-1,-1,-1,1,1,-1,0,-1,0,-1,-1,-1
28,-1,1,-1,-1,-1,-1,-1,-1,-1,-1,-1,-1,-1,0,-1,-1,-1,-1,0,-1,-1,-1,-1,-1,-1,-1,-1,-1,-1,-1,-1,-1,-1,-1,-1,-1,-1,0,-1,-1,-1,-1,-1,-1,-1,-1,-1,0,0,-1,-1,-1,-1,-1,-1,-1,-1,-1,-1,-1,-1,-1,-1,0,-1,0,-1,-1,-1,-1,-1,-1,-1,-1,0,-1,-1,-1,-1,-1,0,-1,-1,-1,-1,0,-1,-1,-1,-1,-1,-1,0,-1,-1,1,-1,-1,-1,-1,-1,-1,-1,-1,-1,-1,1,-1,-1,-1,-1,0,-1,-1,-1,-1,-1,-1,-1,-1,-1,-1,1,-1,1,-1,-1,-1,-1,-1,-1,-1,1,1,-1,-1,-1,-1,0,-1,0,-1,-1,1,-1,1,-1,-1,-1,-1,0,-1,-1,-1,-1,-1,1,-1,-1,-1,1,1,-1,0,-1,0,-1,-1,-1
29,-1,1,-1,-1,-1,-1,-1,-1,-1,-1,-1,-1,-1,0,-1,-1,-1,-1,0,-1,-1,-1,-1,-1,-1,-1,-1,-1,-1,-1,-1,-1,-1,-1,-1,-1,-1,0,-1,-1,-1,-1,-1,-1,-1,-1,-1,0,0,-1,-1,-1,-1,-1,-1,-1,-1,-1,-1,-1,-1,-1,-1,0,-1,0,-1,-1,-1,-1,-1,-1,-1,-1,0,-1,-1,-1,-1,-1,0,-1,-1,-1,-1,0,-1,-1,-1,-1,-1,0,0,-1,-1,1,-1,-1,-1,-1,-1,-1,-1,-1,-1,-1,1,-1,-1,-1,-1,0,-1,-1,-1,-1,-1,-1,-1,-1,-1,-1,1,-1,1,-1,-1,-1,-1,-1,-1,-1,1,1,-1,-1,-1,-1,0,-1,0,-1,-1,1,-1,1,-1,-1,-1,-1,0,-1,-1,-1,-1,-1,1,-1,-1,-1,1,1,-1,0,-1,0,-1,-1,-1
30,-1,1,-1,-1,-1,-1,-1,-1,-1,-1,-1,-1,-1,0,-1,-1,-1,-1,0,-1,-1,-1,-1,-1,-1,-1,-1,-1,-1,-1,-1,-1,-1,-1,-1,-1,-1,0,-1,-1,-1,0,-1,-1,-1,-1,-1,0,0,-1,-1,-1,-1,-1,-1,-1,-1,-1,-1,-1,-1,-1,-1,0,-1,0,-1,-1,-1,-1,-1,-1,-1,-1,0,-1,-1,-1,-1,-1,0,-1,-1,-1,-1,0,-1,-1,-1,-1,-1,0,0,-1,-1,1,-1,-1,-1,-1,-1,-1,-1,-1,-1,-1,1,-1,-1,-1,-1,0,-1,-1,-1,-1,-1,-1,-1,-1,-1,-1,1,-1,1,-1,-1,-1,-1,-1,-1,-1,1,1,-1,-1,-1,-1,0,-1,0,-1,-1,1,-1,1,-1,-1,-1,-1,0,-1,-1,-1,-1,-1,1,-1,-1,-1,1,1,-1,0,-1,0,-1,-1,-1
31,-1,1,-1,-1,-1,-1,-1,-1,-1,-1,-1,-1,-1,0,-1,-1,-1,-1,0,-1,-1,-1,-1,-1,-1,-1,-1,-1,-1,-1,-1,-1,-1,-1,-1,-1,-1,0,-1,-1,-1,0,-1,-1,-1,-1,-1,0,0,-1,-1,-1,-1,-1,-1,-1,-1,-1,-1,-1,-1,-1,-1,0,-1,0,-1,-1,-1,0,-1,-1,-1,-1,0,-1,-1,-1,-1,-1,0,-1,-1,-1,-1,0,-1,-1,-1,-1,-1,0,0,-1,-1,1,-1,-1,-1,-1,-1,-1,-1,-1,-1,-1,1,-1,-1,-1,-1,0,-1,-1,-1,-1,-1,-1,-1,-1,-1,-1,1,-1,1,-1,-1,-1,-1,-1,-1,-1,1,1,-1,-1,-1,-1,0,-1,0,-1,-1,1,-1,1,-1,-1,-1,-1,0,-1,-1,-1,-1,-1,1,-1,-1,-1,1,1,-1,0,-1,0,-1,-1,-1
32,-1,1,-1,-1,-1,-1,-1,-1,-1,-1,-1,-1,-1,0,-1,-1,-1,-1,0,-1,-1,-1,-1,-1,-1,-1,0,-1,-1,-1,-1,-1,-1,-1,-1,-1,-1,0,-1,-1,-1,0,-1,-1,-1,-1,-1,0,0,-1,-1,-1,-1,-1,-1,-1,-1,-1,-1,-1,-1,-1,-1,0,-1,0,-1,-1,-1,0,-1,-1,-1,-1,0,-1,-1,-1,-1,-1,0,-1,-1,-1,-1,0,-1,-1,-1,-1,-1,0,0,-1,-1,1,-1,-1,-1,-1,-1,-1,-1,-1,-1,-1,1,-1,-1,-1,-1,0,-1,-1,-1,-1,-1,-1,-1,-1,-1,-1,1,-1,1,-1,-1,-1,-1,-1,-1,-1,1,1,-1,-1,-1,-1,0,-1,0,-1,-1,1,-1,1,-1,-1,-1,-1,0,-1,-1,-1,-1,-1,1,-1,-1,-1,1,1,-1,0,-1,0,-1,-1,-1
33,-1,1,-1,-1,-1,-1,-1,-1,-1,-1,-1,-1,-1,0,-1,-1,-1,-1,0,-1,-1,-1,-1,-1,-1,-1,0,-1,-1,-1,-1,-1,-1,-1,-1,0,-1,0,-1,-1,-1,0,-1,-1,-1,-1,-1,0,0,-1,-1,-1,-1,-1,-1,-1,-1,-1,-1,-1,-1,-1,-1,0,-1,0,-1,-1,-1,0,-1,-1,-1,-1,0,-1,-1,-1,-1,-1,0,-1,-1,-1,-1,0,-1,-1,-1,-1,-1,0,0,-1,-1,1,-1,-1,-1,-1,-1,-1,-1,-1,-1,-1,1,-1,-1,-1,-1,0,-1,-1,-1,-1,-1,-1,-1,-1,-1,-1,1,-1,1,-1,-1,-1,-1,-1,-1,-1,1,1,-1,-1,-1,-1,0,-1,0,-1,-1,1,-1,1,-1,-1,-1,-1,0,-1,-1,-1,-1,-1,1,-1,-1,-1,1,1,-1,0,-1,0,-1,-1,-1
34,-1,1,-1,-1,-1,-1,-1,-1,-1,-1,-1,-1,-1,0,-1,-1,-1,-1,0,-1,-1,-1,-1,-1,-1,-1,0,-1,-1,-1,-1,-1,-1,-1,-1,0,-1,0,-1,-1,-1,0,-1,-1,-1,-1,-1,0,0,-1,-1,-1,-1,-1,-1,-1,-1,-1,-1,-1,-1,-1,-1,0,-1,0,-1,-1,-1,0,-1,-1,-1,-1,0,-1,-1,-1,-1,-1,0,-1,-1,-1,-1,0,-1,-1,-1,-1,-1,0,0,-1,-1,1,-1,-1,-1,-1,-1,-1,-1,-1,-1,-1,1,-1,-1,-1,-1,0,-1,0,-1,-1,-1,-1,-1,-1,-1,-1,1,-1,1,-1,-1,-1,-1,-1,-1,-1,1,1,-1,-1,-1,-1,0,-1,0,-1,-1,1,-1,1,-1,-1,-1,-1,0,-1,-1,-1,-1,-1,1,-1,-1,-1,1,1,-1,0,-1,0,-1,-1,-1
35,-1,1,-1,-1,-1,-1,-1,-1,-1,-1,-1,-1,-1,0,-1,-1,-1,-1,0,-1,-1,-1,-1,-1,-1,-1,0,-1,-1,1,-1,-1,-1,-1,-1,0,-1,0,-1,-1,-1,0,-1,-1,-1,-1,-1,0,0,-1,-1,-1,-1,-1,-1,-1,-1,-1,-1,-1,-1,-1,-1,0,-1,0,-1,-1,-1,0,-1,-1,-1,-1,0,-1,-1,-1,-1,-1,0,-1,-1,-1,-1,0,-1,-1,-1,-1,-1,0,0,-1,-1,1,-1,-1,-1,-1,-1,-1,-1,-1,-1,-1,1,-1,-1,-1,-1,0,-1,0,-1,-1,-1,-1,-1,-1,-1,-1,1,-1,1,-1,-1,-1,-1,-1,-1,-1,1,1,-1,-1,-1,-1,0,-1,0,-1,-1,1,-1,1,-1,-1,-1,-1,0,-1,-1,-1,-1,-1,1,-1,-1,-1,1,1,-1,0,-1,0,-1,-1,-1
36,-1,1,-1,-1,-1,-1,-1,-1,-1,-1,-1,-1,-1,0,-1,-1,-1,-1,0,-1,-1,-1,-1,-1,-1,-1,0,-1,-1,1,-1,-1,-1,-1,-1,0,-1,0,-1,-1,-1,0,-1,-1,0,-1,-1,0,0,-1,-1,-1,-1,-1,-1,-1,-1,-1,-1,-1,-1,-1,-1,0,-1,0,-1,-1,-1,0,-1,-1,-1,-1,0,-1,-1,-1,-1,-1,0,-1,-1,-1,-1,0,-1,-1,-1,-1,-1,0,0,-1,-1,1,-1,-1,-1,-1,-1,-1,-1,-1,-1,-1,1,-1,-1,-1,-1,0,-1,0,-1,-1,-1,-1,-1,-1,-1,-1,1,-1,1,-1,-1,-1,-1,-1,-1,-1,1,1,-1,-1,-1,-1,0,-1,0,-1,-1,1,-1,1,-1,-1,-1,-1,0,-1,-1,-1,-1,-1,1,-1,-1,-1,1,1,-1,0,-1,0,-1,-1,-1
37,-1,1,-1,-1,-1,-1,-1,-1,-1,-1,-1,-1,-1,0,-1,-1,-1,-1,0,-1,-1,-1,-1,-1,-1,-1,0,-1,-1,1,-1,-1,-1,-1,-1,0,-1,0,-1,-1,-1,0,-1,-1,0,-1,-1,0,0,-1,-1,-1,-1,-1,-1,-1,-1,-1,-1,-1,-1,-1,-1,0,-1,0,-1,-1,-1,0,-1,-1,-1,-1,0,-1,-1,-1,-1,-1,0,-1,-1,-1,-1,0,-1,-1,-1,-1,-1,0,0,-1,-1,1,-1,-1,-1,-1,-1,-1,-1,-1,-1,-1,1,-1,-1,-1,-1,0,-1,0,-1,-1,-1,-1,-1,-1,-1,-1,1,-1,1,-1,-1,-1,-1,-1,-1,-1,1,1,-1,-1,-1,-1,0,-1,0,-1,-1,1,-1,1,-1,-1,-1,-1,0,-1,-1,-1,-1,1,1,-1,-1,-1,1,1,-1,0,-1,0,-1,-1,-1
38,-1,1,-1,-1,-1,-1,-1,-1,-1,-1,-1,-1,-1,0,-1,-1,-1,-1,0,-1,-1,-1,-1,-1,-1,-1,0,-1,-1,1,-1,-1,-1,-1,-1,0,-1,0,-1,-1,-1,0,-1,-1,0,-1,-1,0,0,-1,-1,-1,-1,-1,-1,-1,-1,-1,-1,-1,-1,-1,-1,0,-1,0,-1,-1,-1,0,-1,-1,-1,-1,0,-1,-1,-1,-1,-1,0,-1,-1,-1,-1,0,-1,-1,-1,-1,-1,0,0,-1,-1,1,-1,-1,-1,-1,-1,-1,-1,-1,-1,-1,1,-1,-1,-1,-1,0,-1,0,-1,-1,-1,-1,-1,-1,-1,-1,1,-1,1,-1,-1,-1,-1,-1,-1,-1,1,1,-1,-1,-1,-1,0,-1,0,-1,-1,1,-1,1,-1,-1,-1,-1,0,0,-1,-1,-1,1,1,-1,-1,-1,1,1,-1,0,-1,0,-1,-1,-1
39,-1,1,-1,-1,-1,-1,-1,-1,-1,-1,-1,-1,-1,0,-1,-1,-1,-1,0,-1,-1,-1,-1,-1,-1,0,0,-1,-1,1,-1,-1,-1,-1,-1,0,-1,0,-1,-1,-1,0,-1,-1,0,-1,-1,0,0,-1,-1,-1,-1,-1,-1,-1,-1,-1,-1,-1,-1,-1,-1,0,-1,0,-1,-1,-1,0,-1,-1,-1,-1,0,-1,-1,-1,-1,-1,0,-1,-1,-1,-1,0,-1,-1,-1,-1,-1,0,0,-1,-1,1,-1,-1,-1,-1,-1,-1,-1,-1,-1,-1,1,-1,-1,-1,-1,0,-1,0,-1,-1,-1,-1,-1,-1,-1,-1,1,-1,1,-1,-1,-1,-1,-1,-1,-1,1,1,-1,-1,-1,-1,0,-1,0,-1,-1,1,-1,1,-1,-1,-1,-1,0,0,-1,-1,-1,1,1,-1,-1,-1,1,1,-1,0,-1,0,-1,-1,-1
40,-1,1,-1,-1,-1,-1,-1,-1,-1,-1,-1,-1,-1,0,-1,-1,-1,-1,0,-1,-1,-1,-1,-1,-1,0,0,-1,-1,1,-1,-1,-1,-1,-1,0,-1,0,-1,-1,-1,0,-1,-1,0,-1,-1,0,0,-1,-1,-1,-1,-1,-1,-1,-1,-1,-1,-1,-1,-1,-1,0,-1,0,-1,-1,-1,0,-1,-1,-1,-1,0,-1,-1,-1,-1,-1,0,-1,-1,-1,-1,0,-1,-1,-1,-1,-1,0,0,-1,-1,1,-1,-1,-1,-1,-1,-1,-1,-1,-1,-1,1,-1,-1,-1,0,0,-1,0,-1,-1,-1,-1,-1,-1,-1,-1,1,-1,1,-1,-1,-1,-1,-1,-1,-1,1,1,-1,-1,-1,-1,0,-1,0,-1,-1,1,-1,1,-1,-1,-1,-1,0,0,-1,-1,-1,1,1,-1,-1,-1,1,1,-1,0,-1,0,-1,-1,-1
41,-1,1,-1,-1,-1,-1,-1,-1,-1,-1,-1,-1,-1,0,-1,-1,-1,-1,0,-1,-1,-1,-1,-1,-1,0,0,-1,-1,1,-1,-1,-1,-1,-1,0,-1,0,-1,-1,-1,0,-1,-1,0,-1,-1,0,0,-1,-1,-1,-1,-1,-1,-1,0,-1,-1,-1,-1,-1,-1,0,-1,0,-1,-1,-1,0,-1,-1,-1,-1,0,-1,-1,-1,-1,-1,0,-1,-1,-1,-1,0,-1,-1,-1,-1,-1,0,0,-1,-1,1,-1,-1,-1,-1,-1,-1,-1,-1,-1,-1,1,-1,-1,-1,0,0,-1,0,-1,-1,-1,-1,-1,-1,-1,-1,1,-1,1,-1,-1,-1,-1,-1,-1,-1,1,1,-1,-1,-1,-1,0,-1,0,-1,-1,1,-1,1,-1,-1,-1,-1,0,0,-1,-1,-1,1,1,-1,-1,-1,1,1,-1,0,-1,0,-1,-1,-1
42,-1,1,-1,-1,-1,-1,-1,-1,-1,-1,-1,-1,-1,0,-1,-1,-1,-1,0,-1,-1,-1,-1,-1,-1,0,0,-1,-1,1,-1,-1,-1,-1,-1,0,-1,0,-1,-1,-1,0,-1,-1,0,-1,-1,0,0,-1,-1,-1,-1,0,-1,-1,0,-1,-1,-1,-1,-1,-1,0,-1,0,-1,-1,-1,0,-1,-1,-1,-1,0,-1,-1,-1,-1,-1,0,-1,-1,-1,-1,0,-1,-1,-1,-1,-1,0,0,-1,-1,1,-1,-1,-1,-1,-1,-1,-1,-1,-1,-1,1,-1,-1,-1,0,0,-1,0,-1,-1,-1,-1,-1,-1,-1,-1,1,-1,1,-1,-1,-1,-1,-1,-1,-1,1,1,-1,-1,-1,-1,0,-1,0,-1,-1,1,-1,1,-1,-1,-1,-1,0,0,-1,-1,-1,1,1,-1,-1,-1,1,1,-1,0,-1,0,-1,-1,-1
43,-1,1,-1,-1,-1,-1,-1,-1,-1,-1,-1,-1,-1,0,-1,-1,-1,-1,0,-1,-1,-1,-1,-1,-1,0,0,-1,-1,1,-1,-1,-1,-1,-1,0,-1,0,-1,-1,-1,0,-1,-1,0,-1,-1,0,0,-1,-1,0,-1,0,-1,-1,0,-1,-1,-1,-1,-1,-1,0,-1,0,-1,-1,-1,0,-1,-1,-1,-1,0,-1,-1,-1,-1,-1,0,-1,-1,-1,-1,0,-1,-1,-1,-1,-1,0,0,-1,-1,1,-1,-1,-1,-1,-1,-1,-1,-1,-1,-1,1,-1,-1,-1,0,0,-1,0,-1,-1,-1,-1,-1,-1,-1,-1,1,-1,1,-1,-1,-1,-1,-1,-1,-1,1,1,-1,-1,-1,-1,0,-1,0,-1,-1,1,-1,1,-1,-1,-1,-1,0,0,-1,-1,-1,1,1,-1,-1,-1,1,1,-1,0,-1,0,-1,-1,-1
44,-1,1,-1,-1,-1,-1,1,-1,-1,-1,-1,-1,-1,0,-1,-1,-1,-1,0,-1,-1,-1,-1,-1,-1,0,0,-1,-1,1,-1,-1,-1,-1,-1,0,-1,0,-1,-1,-1,0,-1,-1,0,-1,-1,0,0,-1,-1,0,-1,0,-1,-1,0,-1,-1,-1,-1,-1,-1,0,-1,0,-1,-1,-1,0,-1,-1,-1,-1,0,-1,-1,-1,-1,-1,0,-1,-1,-1,-1,0,-1,-1,-1,-1,-1,0,0,-1,-1,1,-1,-1,-1,-1,-1,-1,-1,-1,-1,-1,1,-1,-1,-1,0,0,-1,0,-1,-1,-1,-1,-1,-1,-1,-1,1,-1,1,-1,-1,-1,-1,-1,-1,-1,1,1,-1,-1,-1,-1,0,-1,0,-1,-1,1,-1,1,-1,-1,-1,-1,0,0,-1,-1,-1,1,1,-1,-1,-1,1,1,-1,0,-1,0,-1,-1,-1
45,-1,1,-1,-1,-1,-1,1,-1,-1,-1,-1,-1,-1,0,-1,-1,-1,-1,0,-1,-1,-1,-1,-1,-1,0,0,-1,-1,1,-1,-1,-1,-1,-1,0,-1,0,-1,-1,-1,0,0,-1,0,-1,-1,0,0,-1,-1,0,-1,0,-1,-1,0,-1,-1,-1,-1,-1,-1,0,-1,0,-1,-1,-1,0,-1,-1,-1,-1,0,-1,-1,-1,-1,-1,0,-1,-1,-1,-1,0,-1,-1,-1,-1,-1,0,0,-1,-1,1,-1,-1,-1,-1,-1,-1,-1,-1,-1,-1,1,-1,-1,-1,0,0,-1,0,-1,-1,-1,-1,-1,-1,-1,-1,1,-1,1,-1,-1,-1,-1,-1,-1,-1,1,1,-1,-1,-1,-1,0,-1,0,-1,-1,1,-1,1,-1,-1,-1,-1,0,0,-1,-1,-1,1,1,-1,-1,-1,1,1,-1,0,-1,0,-1,-1,-1
46,-1,1,-1,-1,-1,-1,1,-1,-1,-1,-1,-1,-1,0,-1,-1,-1,-1,0,-1,-1,-1,-1,-1,-1,0,0,-1,-1,1,-1,-1,-1,-1,-1,0,-1,0,-1,-1,-1,0,0,-1,0,-1,-1,0,0,-1,-1,0,-1,0,-1,-1,0,-1,-1,-1,-1,-1,-1,0,-1,0,-1,-1,-1,0,-1,-1,-1,-1,0,-1,-1,-1,-1,-1,0,-1,-1,-1,-1,0,-1,-1,-1,-1,-1,0,0,-1,-1,1,-1,-1,-1,-1,-1,-1,0,-1,-1,-1,1,-1,-1,-1,0,0,-1,0,-1,-1,-1,-1,-1,-1,-1,-1,1,-1,1,-1,-1,-1,-1,-1,-1,-1,1,1,-1,-1,-1,-1,0,-1,0,-1,-1,1,-1,1,-1,-1,-1,-1,0,0,-1,-1,-1,1,1,-1,-1,-1,1,1,-1,0,-1,0,-1,-1,-1
47,-1,1,-1,-1,-1,-1,1,-1,-1,-1,-1,-1,-1,0,-1,-1,-1,-1,0,-1,-1,-1,-1,-1,-1,0,0,-1,-1,1,-1,-1,-1,-1,-1,0,-1,0,-1,-1,-1,0,0,-1,0,-1,-1,0,0,-1,-1,0,-1,0,-1,-1,0,-1,-1,-1,-1,-1,-1,0,-1,0,-1,-1,-1,0,-1,-1,-1,-1,0,-1,-1,-1,-1,-1,0,-1,-1,-1,-1,0,-1,-1,-1,-1,-1,0,0,-1,-1,1,-1,-1,-1,-1,-1,-1,0,-1,-1,0,1,-1,-1,-1,0,0,-1,0,-1,-1,-1,-1,-1,-1,-1,-1,1,-1,1,-1,-1,-1,-1,-1,-1,-1,1,1,-1,-1,-1,-1,0,-1,0,-1,-1,1,-1,1,-1,-1,-1,-1,0,0,-1,-1,-1,1,1,-1,-1,-1,1,1,-1,0,-1,0,-1,-1,-1
48,-1,1,-1,-1,-1,-1,1,-1,-1,-1,-1,-1,-1,0,-1,-1,-1,-1,0,0,-1,-1,-1,-1,-1,0,0,-1,-1,1,-1,-1,-1,-1,-1,0,-1,0,-1,-1,-1,0,0,-1,0,-1,-1,0,0,-1,-1,0,-1,0,-1,-1,0,-1,-1,-1,-1,-1,-1,0,-1,0,-1,-1,-1,0,-1,-1,-1,-1,0,-1,-1,-1,-1,-1,0,-1,-1,-1,-1,0,-1,-1,-1,-1,-1,0,0,-1,-1,1,-1,-1,-1,-1,-1,-1,0,-1,-1,0,1,-1,-1,-1,0,0,-1,0,-1,-1,-1,-1,-1,-1,-1,-1,1,-1,1,-1,-1,-1,-1,-1,-1,-1,1,1,-1,-1,-1,-1,0,-1,0,-1,-1,1,-1,1,-1,-1,-1,-1,0,0,-1,-1,-1,1,1,-1,-1,-1,1,1,-1,0,-1,0,-1,-1,-1
49,-1,1,-1,-1,-1,-1,1,-1,-1,-1,-1,-1,-1,0,-1,-1,-1,-1,0,0,-1,-1,-1,-1,-1,0,0,-1,-1,1,-1,-1,-1,-1,-1,0,-1,0,-1,-1,-1,0,0,-1,0,-1,-1,0,0,-1,-1,0,-1,0,-1,-1,0,-1,-1,-1,0,-1,-1,0,-1,0,-1,-1,-1,0,-1,-1,-1,-1,0,-1,-1,-1,-1,-1,0,-1,-1,-1,-1,0,-1,-1,-1,-1,-1,0,0,-1,-1,1,-1,-1,-1,-1,-1,-1,0,-1,-1,0,1,-1,-1,-1,0,0,-1,0,-1,-1,-1,-1,-1,-1,-1,-1,1,-1,1,-1,-1,-1,-1,-1,-1,-1,1,1,-1,-1,-1,-1,0,-1,0,-1,-1,1,-1,1,-1,-1,-1,-1,0,0,-1,-1,-1,1,1,-1,-1,-1,1,1,-1,0,-1,0,-1,-1,-1
50,-1,1,-1,-1,-1,-1,1,-1,-1,-1,-1,-1,-1,0,-1,-1,-1,-1,0,0,-1,-1,-1,-1,-1,0,0,-1,-1,1,-1,-1,-1,-1,-1,0,-1,0,-1,-1,-1,0,0,-1,0,-1,-1,0,0,-1,-1,0,-1,0,-1,-1,0,-1,-1,-1,0,-1,-1,0,-1,0,-1,-1,-1,0,-1,-1,-1,-1,0,-1,-1,-1,-1,-1,0,-1,-1,-1,-1,0,-1,-1,-1,-1,-1,0,0,-1,-1,1,-1,-1,-1,-1,-1,-1,0,-1,-1,0,1,-1,-1,-1,0,0,-1,0,-1,-1,-1,-1,-1,-1,-1,-1,1,-1,1,-1,-1,-1,-1,-1,-1,-1,1,1,-1,-1,-1,-1,0,-1,0,-1,-1,1,-1,1,-1,-1,-1,-1,0,0,-1,0,-1,1,1,-1,-1,-1,1,1,-1,0,-1,0,-1,-1,-1
51,-1,1,-1,-1,-1,-1,1,-1,-1,-1,-1,-1,-1,0,-1,-1,-1,-1,0,0,-1,-1,-1,-1,-1,0,0,-1,-1,1,-1,-1,-1,-1,-1,0,-1,0,-1,-1,-1,0,0,-1,0,-1,-1,0,0,-1,-1,0,-1,0,-1,-1,0,-1,-1,-1,0,-1,-1,0,-1,0,-1,-1,-1,0,-1,-1,-1,-1,0,-1,-1,-1,-1,-1,0,-1,-1,0,-1,0,-1,-1,-1,-1,-1,0,0,-1,-1,1,-1,-1,-1,-1,-1,-1,0,-1,-1,0,1,-1,-1,-1,0,0,-1,0,-1,-1,-1,-1,-1,-1,-1,-1,1,-1,1,-1,-1,-1,-1,-1,-1,-1,1,1,-1,-1,-1,-1,0,-1,0,-1,-1,1,-1,1,-1,-1,-1,-1,0,0,-1,0,-1,1,1,-1,-1,-1,1,1,-1,0,-1,0,-1,-1,-1
52,0,1,-1,-1,-1,-1,1,-1,-1,-1,-1,-1,-1,0,-1,-1,-1,-1,0,0,-1,-1,-1,-1,-1,0,0,-1,-1,1,-1,-1,-1,-1,-1,0,-1,0,-1,-1,-1,0,0,-1,0,-1,-1,0,0,-1,-1,0,-1,0,-1,-1,0,-1,-1,-1,0,-1,-1,0,-1,0,-1,-1,-1,0,-1,-1,-1,-1,0,-1,-1,-1,-1,-1,0,-1,-1,0,-1,0,-1,-1,-1,-1,-1,0,0,-1,-1,1,-1,-1,-1,-1,-1,-1,0,-1,-1,0,1,-1,-1,-1,0,0,-1,0,-1,-1,-1,-1,-1,-1,-1,-1,1,-1,1,-1,-1,-1,-1,-1,-1,-1,1,1,-1,-1,-1,-1,0,-1,0,-1,-1,1,-1,1,-1,-1,-1,-1,0,0,-1,0,-1,1,1,-1,-1,-1,1,1,-1,0,-1,0,-1,-1,-1
53,0,1,-1,-1,-1,-1,1,-1,-1,-1,-1,-1,-1,0,-1,-1,-1,-1,0,0,-1,-1,-1,-1,-1,0,0,-1,-1,1,-1,-1,-1,-1,-1,0,-1,0,-1,-1,-1,0,0,-1,0,-1,-1,0,0,-1,-1,0,-1,0,-1,-1,0,-1,-1,-1,0,-1,-1,0,-1,0,-1,-1,-1,0,-1,-1,-1,-1,0,-1,-1,-1,-1,-1,0,-1,-1,0,-1,0,-1,-1,-1,-1,-1,0,0,-1,-1,1,-1,-1,-1,-1,-1,-1,0,-1,-1,0,1,-1,-1,-1,0,0,-1,0,-1,-1,-1,-1,-1,-1,-1,-1,1,-1,1,-1,-1,-1,-1,-1,-1,-1,1,1,-1,-1,-1,-1,0,-1,0,-1,-1,1,-1,1,-1,-1,-1,-1,0,0,-1,0,-1,1,1,1,-1,-1,1,1,-1,0,-1,0,-1,-1,-1
54,0,1,-1,-1,-1,-1,1,-1,-1,-1,-1,-1,-1,0,-1,-1,-1,-1,0,0,-1,-1,-1,-1,-1,0,0,-1,-1,1,-1,-1,-1,-1,-1,0,-1,0,-1,-1,-1,0,0,-1,0,-1,-1,0,0,-1,-1,0,-1,0,-1,-1,0,-1,-1,-1,0,-1,-1,0,-1,0,-1,-1,-1,0,-1,-1,-1,-1,0,-1,-1,-1,-1,-1,0,-1,-1,0,-1,0,-1,-1,-1,-1,-1,0,0,-1,-1,1,-1,-1,-1,-1,-1,-1,0,-1,-1,0,1,-1,-1,-1,0,0,-1,0,-1,-1,-1,-1,-1,-1,-1,-1,1,-1,1,-1,-1,-1,-1,-1,-1,-1,1,1,-1,-1,-1,-1,0,-1,0,-1,-1,1,-1,1,-1,1,-1,-1,0,0,-1,0,-1,1,1,1,-1,-1,1,1,-1,0,-1,0,-1,-1,-1
55,0,1,-1,-1,-1,-1,1,-1,-1,0,-1,-1,-1,0,-1,-1,-1,-1,0,0,-1,-1,-1,-1,-1,0,0,-1,-1,1,-1,-1,-1,-1,-1,0,-1,0,-1,-1,-1,0,0,-1,0,-1,-1,0,0,-1,-1,0,-1,0,-1,-1,0,-1,-1,-1,0,-1,-1,0,-1,0,-1,-1,-1,0,-1,-1,-1,-1,0,-1,-1,-1,-1,-1,0,-1,-1,0,-1,0,-1,-1,-1,-1,-1,0,0,-1,-1,1,-1,-1,-1,-1,-1,-1,0,-1,-1,0,1,-1,-1,-1,0,0,-1,0,-1,-1,-1,-1,-1,-1,-1,-1,1,-1,1,-1,-1,-1,-1,-1,-1,-1,1,1,-1,-1,-1,-1,0,-1,0,-1,-1,1,-1,1,-1,1,-1,-1,0,0,-1,0,-1,1,1,1,-1,-1,1,1,-1,0,-1,0,-1,-1,-1
56,0,1,-1,-1,-1,-1,1,-1,-1,0,-1,-1,-1,0,-1,-1,-1,-1,0,0,-1,-1,-1,0,-1,0,0,-1,-1,1,-1,-1,-1,-1,-1,0,-1,0,-1,-1,-1,0,0,-1,0,-1,-1,0,0,-1,-1,0,-1,0,-1,-1,0,-1,-1,-1,0,-1,-1,0,-1,0,-1,-1,-1,0,-1,-1,-1,-1,0,-1,-1,-1,-1,-1,0,-1,-1,0,-1,0,-1,-1,-1,-1,-1,0,0,-1,-1,1,-1,-1,-1,-1,-1,-1,0,-1,-1,0,1,-1,-1,-1,0,0,-1,0,-1,-1,-1,-1,-1,-1,-1,-1,1,-1,1,-1,-1,-1,-1,-1,-1,-1,1,1,-1,-1,-1,-1,0,-1,0,-1,-1,1,-1,1,-1,1,-1,-1,0,0,-1,0,-1,1,1,1,-1,-1,1,1,-1,0,-1,0,-1,-1,-1
57,0,1,-1,-1,-1,-1,1,-1,-1,0,-1,-1,-1,0,-1,-1,-1,1,0,0,-1,-1,-1,0,-1,0,0,-1,-1,1,-1,-1,-1,-1,-1,0,-1,0,-1,-1,-1,0,0,-1,0,-1,-1,0,0,-1,-1,0,-1,0,-1,-1,0,-1,-1,-1,0,-1,-1,0,-1,0,-1,-1,-1,0,-1,-1,-1,-1,0,-1,-1,-1,-1,-1,0,-1,-1,0,-1,0,-1,-1,-1,-1,-1,0,0,-1,-1,1,-1,-1,-1,-1,-1,-1,0,-1,-1,0,1,-1,-1,-1,0,0,-1,0,-1,-1,-1,-1,-1,-1,-1,-1,1,-1,1,-1,-1,-1,-1,-1,-1,-1,1,1,-1,-1,-1,-1,0,-1,0,-1,-1,1,-1,1,-1,1,-1,-1,0,0,-1,0,-1,1,1,1,-1,-1,1,1,-1,0,-1,0,-1,-1,-1
58,0,1,-1,-1,-1,-1,1,-1,-1,0,-1,-1,0,0,-1,-1,-1,1,0,0,-1,-1,-1,0,-1,0,0,-1,-1,1,-1,-1,-1,-1,-1,0,-1,0,-1,-1,-1,0,0,-1,0,-1,-1,0,0,-1,-1,0,-1,0,-1,-1,0,-1,-1,-1,0,-1,-1,0,-1,0,-1,-1,-1,0,-1,-1,-1,-1,0,-1,-1,-1,-1,-1,0,-1,-1,0,-1,0,-1,-1,-1,-1,-1,0,0,-1,-1,1,-1,-1,-1,-1,-1,-1,0,-1,-1,0,1,-1,-1,-1,0,0,-1,0,-1,-1,-1,-1,-1,-1,-1,-1,1,-1,1,-1,-1,-1,-1,-1,-1,-1,1,1,-1,-1,-1,-1,0,-1,0,-1,-1,1,-1,1,-1,1,-1,-1,0,0,-1,0,-1,1,1,1,-1,-1,1,1,-1,0,-1,0,-1,-1,-1
59,0,1,-1,-1,-1,-1,1,-1,-1,0,-1,-1,0,0,-1,-1,-1,1,0,0,-1,-1,-1,0,-1,0,0,-1,-1,1,-1,-1,-1,-1,-1,0,-1,0,-1,-1,-1,0,0,-1,0,-1,-1,0,0,-1,-1,0,-1,0,-1,-1,0,-1,-1,-1,0,-1,-1,0,-1,0,-1,-1,-1,0,-1,-1,-1,-1,0,-1,-1,-1,-1,-1,0,-1,-1,0,-1,0,-1,-1,-1,-1,-1,0,0,-1,-1,1,-1,-1,-1,-1,-1,0,0,-1,-1,0,1,-1,-1,-1,0,0,-1,0,-1,-1,-1,-1,-1,-1,-1,-1,1,-1,1,-1,-1,-1,-1,-1,-1,-1,1,1,-1,-1,-1,-1,0,-1,0,-1,-1,1,-1,1,-1,1,-1,-1,0,0,-1,0,-1,1,1,1,-1,-1,1,1,-1,0,-1,0,-1,-1,-1
60,0,1,-1,-1,-1,-1,1,-1,-1,0,-1,-1,0,0,-1,-1,-1,1,0,0,-1,-1,-1,0,-1,0,0,-1,-1,1,-1,-1,-1,-1,-1,0,-1,0,-1,0,-1,0,0,-1,0,-1,-1,0,0,-1,-1,0,-1,0,-1,-1,0,-1,-1,-1,0,-1,-1,0,-1,0,-1,-1,-1,0,-1,-1,-1,-1,0,-1,-1,-1,-1,-1,0,-1,-1,0,-1,0,-1,-1,-1,-1,-1,0,0,-1,-1,1,-1,-1,-1,-1,-1,0,0,-1,-1,0,1,-1,-1,-1,0,0,-1,0,-1,-1,-1,-1,-1,-1,-1,-1,1,-1,1,-1,-1,-1,-1,-1,-1,-1,1,1,-1,-1,-1,-1,0,-1,0,-1,-1,1,-1,1,-1,1,-1,-1,0,0,-1,0,-1,1,1,1,-1,-1,1,1,-1,0,-1,0,-1,-1,-1
61,0,1,-1,-1,-1,-1,1,-1,-1,0,-1,-1,0,0,-1,-1,-1,1,0,0,-1,-1,-1,0,-1,0,0,-1,-1,1,-1,-1,-1,-1,-1,0,-1,0,-1,0,-1,0,0,-1,0,-1,-1,0,0,-1,-1,0,-1,0,-1,-1,0,-1,-1,-1,0,-1,-1,0,-1,0,-1,-1,-1,0,-1,-1,-1,-1,0,-1,-1,-1,-1,-1,0,-1,-1,0,-1,0,-1,-1,-1,-1,-1,0,0,1,-1,1,-1,-1,-1,-1,-1,0,0,-1,-1,0,1,-1,-1,-1,0,0,-1,0,-1,-1,-1,-1,-1,-1,-1,-1,1,-1,1,-1,-1,-1,-1,-1,-1,-1,1,1,-1,-1,-1,-1,0,-1,0,-1,-1,1,-1,1,-1,1,-1,-1,0,0,-1,0,-1,1,1,1,-1,-1,1,1,-1,0,-1,0,-1,-1,-1
62,0,1,-1,-1,-1,-1,1,-1,-1,0,-1,-1,0,0,-1,-1,-1,1,0,0,-1,-1,-1,0,-1,0,0,-1,-1,1,-1,-1,-1,-1,-1,0,-1,0,-1,0,-1,0,0,-1,0,-1,-1,0,0,-1,-1,0,-1,0,-1,-1,0,-1,-1,-1,0,-1,-1,0,-1,0,-1,-1,-1,0,-1,-1,-1,-1,0,-1,-1,-1,-1,-1,0,-1,-1,0,-1,0,-1,-1,-1,-1,-1,0,0,1,-1,1,-1,-1,-1,-1,-1,0,0,0,-1,0,1,-1,-1,-1,0,0,-1,0,-1,-1,-1,-1,-1,-1,-1,-1,1,-1,1,-1,-1,-1,-1,-1,-1,-1,1,1,-1,-1,-1,-1,0,-1,0,-1,-1,1,-1,1,-1,1,-1,-1,0,0,-1,0,-1,1,1,1,-1,-1,1,1,-1,0,-1,0,-1,-1,-1
63,0,1,-1,-1,-1,-1,1,-1,-1,0,-1,-1,0,0,-1,-1,-1,1,0,0,-1,-1,-1,0,-1,0,0,-1,-1,1,-1,-1,-1,-1,-1,0,-1,0,-1,0,-1,0,0,-1,0,-1,-1,0,0,-1,-1,0,-1,0,-1,-1,0,-1,-1,-1,0,-1,-1,0,-1,0,-1,-1,-1,0,-1,-1,-1,-1,0,-1,-1,-1,-1,-1,0,-1,-1,0,-1,0,-1,-1,-1,-1,-1,0,0,1,-1,1,-1,-1,-1,-1,-1,0,0,0,-1,0,1,-1,-1,-1,0,0,-1,0,-1,-1,-1,-1,-1,-1,-1,-1,1,-1,1,-1,-1,-1,-1,-1,-1,-1,1,1,-1,1,-1,-1,0,-1,0,-1,-1,1,-1,1,-1,1,-1,-1,0,0,-1,0,-1,1,1,1,-1,-1,1,1,-1,0,-1,0,-1,-1,-1
64,0,1,-1,-1,-1,-1,1,-1,-1,0,-1,-1,0,0,-1,-1,-1,1,0,0,-1,-1,-1,0,-1,0,0,-1,-1,1,-1,-1,-1,-1,-1,0,-1,0,-1,0,-1,0,0,-1,0,-1,-1,0,0,-1,-1,0,-1,0,-1,-1,0,-1,-1,-1,0,-1,-1,0,-1,0,-1,-1,-1,0,-1,-1,-1,-1,0,-1,-1,-1,-1,-1,0,-1,0,0,-1,0,-1,-1,-1,-1,-1,0,0,1,-1,1,-1,-1,-1,-1,-1,0,0,0,-1,0,1,-1,-1,-1,0,0,-1,0,-1,-1,-1,-1,-1,-1,-1,-1,1,-1,1,-1,-1,-1,-1,-1,-1,-1,1,1,-1,1,-1,-1,0,-1,0,-1,-1,1,-1,1,-1,1,-1,-1,0,0,-1,0,-1,1,1,1,-1,-1,1,1,-1,0,-1,0,-1,-1,-1
65,0,1,-1,-1,-1,-1,1,-1,-1,0,-1,-1,0,0,-1,-1,-1,1,0,0,-1,-1,-1,0,-1,0,0,-1,-1,1,-1,-1,-1,-1,-1,0,-1,0,-1,0,-1,0,0,-1,0,-1,-1,0,0,-1,-1,0,-1,0,-1,-1,0,-1,-1,-1,0,-1,-1,0,-1,0,-1,-1,-1,0,-1,-1,-1,-1,0,-1,-1,-1,-1,-1,0,-1,0,0,-1,0,-1,-1,-1,-1,-1,0,0,1,-1,1,-1,-1,-1,-1,-1,0,0,0,-1,0,1,-1,1,-1,0,0,-1,0,-1,-1,-1,-1,-1,-1,-1,-1,1,-1,1,-1,-1,-1,-1,-1,-1,-1,1,1,-1,1,-1,-1,0,-1,0,-1,-1,1,-1,1,-1,1,-1,-1,0,0,-1,0,-1,1,1,1,-1,-1,1,1,-1,0,-1,0,-1,-1,-1
66,0,1,-1,-1,-1,-1,1,-1,-1,0,-1,-1,0,0,-1,-1,-1,1,0,0,-1,-1,-1,0,-1,0,0,-1,-1,1,-1,-1,-1,-1,-1,0,-1,0,-1,0,-1,0,0,-1,0,-1,-1,0,0,-1,-1,0,-1,0,-1,-1,0,-1,-1,-1,0,-1,-1,0,-1,0,-1,-1,-1,0,-1,-1,-1,-1,0,-1,-1,-1,-1,-1,0,-1,0,0,-1,0,-1,-1,-1,-1,-1,0,0,1,-1,1,-1,-1,-1,-1,-1,0,0,0,-1,0,1,-1,1,-1,0,0,-1,0,-1,-1,-1,-1,-1,-1,-1,-1,1,-1,1,-1,-1,-1,-1,0,-1,-1,1,1,-1,1,-1,-1,0,-1,0,-1,-1,1,-1,1,-1,1,-1,-1,0,0,-1,0,-1,1,1,1,-1,-1,1,1,-1,0,-1,0,-1,-1,-1
67,0,1,-1,-1,-1,-1,1,-1,-1,0,-1,-1,0,0,-1,-1,-1,1,0,0,-1,-1,-1,0,-1,0,0,-1,-1,1,-1,-1,-1,-1,-1,0,-1,0,-1,0,-1,0,0,-1,0,-1,0,0,0,-1,-1,0,-1,0,-1,-1,0,-1,-1,-1,0,-1,-1,0,-1,0,-1,-1,-1,0,-1,-1,-1,-1,0,-1,-1,-1,-1,-1,0,-1,0,0,-1,0,-1,-1,-1,-1,-1,0,0,1,-1,1,-1,-1,-1,-1,-1,0,0,0,-1,0,1,-1,1,-1,0,0,-1,0,-1,-1,-1,-1,-1,-1,-1,-1,1,-1,1,-1,-1,-1,-1,0,-1,-1,1,1,-1,1,-1,-1,0,-1,0,-1,-1,1,-1,1,-1,1,-1,-1,0,0,-1,0,-1,1,1,1,-1,-1,1,1,-1,0,-1,0,-1,-1,-1
68,0,1,-1,-1,-1,-1,1,-1,-1,0,-1,-1,0,0,-1,-1,-1,1,0,0,-1,-1,-1,0,-1,0,0,-1,-1,1,-1,-1,-1,-1,-1,0,-1,0,-1,0,-1,0,0,-1,0,-1,0,0,0,-1,-1,0,-1,0,-1,-1,0,-1,-1,-1,0,-1,-1,0,-1,0,-1,-1,-1,0,-1,-1,-1,-1,0,-1,-1,-1,-1,-1,0,-1,0,0,-1,0,-1,-1,-1,-1,-1,0,0,1,-1,1,-1,-1,-1,-1,-1,0,0,0,-1,0,1,-1,1,1,0,0,-1,0,-1,-1,-1,-1,-1,-1,-1,-1,1,-1,1,-1,-1,-1,-1,0,-1,-1,1,1,-1,1,-1,-1,0,-1,0,-1,-1,1,-1,1,-1,1,-1,-1,0,0,-1,0,-1,1,1,1,-1,-1,1,1,-1,0,-1,0,-1,-1,-1
69,0,1,-1,-1,-1,-1,1,-1,-1,0,-1,-1,0,0,-1,-1,-1,1,0,0,-1,-1,-1,0,-1,0,0,-1,-1,1,-1,-1,-1,-1,-1,0,-1,0,-1,0,-1,0,0,-1,0,-1,0,0,0,-1,-1,0,-1,0,-1,-1,0,-1,-1,-1,0,-1,-1,0,-1,0,-1,-1,-1,0,-1,-1,-1,-1,0,-1,-1,-1,-1,-1,0,-1,0,0,-1,0,-1,-1,-1,-1,-1,0,0,1,-1,1,-1,-1,-1,-1,-1,0,0,0,-1,0,1,-1,1,1,0,0,-1,0,-1,-1,-1,-1,-1,-1,-1,-1,1,-1,1,-1,-1,-1,-1,0,-1,-1,1,1,-1,1,-1,-1,0,-1,0,0,-1,1,-1,1,-1,1,-1,-1,0,0,-1,0,-1,1,1,1,-1,-1,1,1,-1,0,-1,0,-1,-1,-1
70,0,1,-1,-1,-1,-1,1,-1,-1,0,-1,-1,0,0,-1,-1,-1,1,0,0,-1,-1,-1,0,-1,0,0,-1,-1,1,-1,-1,-1,-1,-1,0,-1,0,-1,0,-1,0,0,-1,0,-1,0,0,0,-1,-1,0,-1,0,-1,-1,0,-1,-1,-1,0,-1,-1,0,-1,0,-1,-1,-1,0,0,-1,-1,-1,0,-1,-1,-1,-1,-1,0,-1,0,0,-1,0,-1,-1,-1,-1,-1,0,0,1,-1,1,-1,-1,-1,-1,-1,0,0,0,-1,0,1,-1,1,1,0,0,-1,0,-1,-1,-1,-1,-1,-1,-1,-1,1,-1,1,-1,-1,-1,-1,0,-1,-1,1,1,-1,1,-1,-1,0,-1,0,0,-1,1,-1,1,-1,1,-1,-1,0,0,-1,0,-1,1,1,1,-1,-1,1,1,-1,0,-1,0,-1,-1,-1
71,0,1,-1,-1,-1,-1,1,-1,-1,0,0,-1,0,0,-1,-1,-1,1,0,0,-1,-1,-1,0,-1,0,0,-1,-1,1,-1,-1,-1,-1,-1,0,-1,0,-1,0,-1,0,0,-1,0,-1,0,0,0,-1,-1,0,-1,0,-1,-1,0,-1,-1,-1,0,-1,-1,0,-1,0,-1,-1,-1,0,0,-1,-1,-1,0,-1,-1,-1,-1,-1,0,-1,0,0,-1,0,-1,-1,-1,-1,-1,0,0,1,-1,1,-1,-1,-1,-1,-1,0,0,0,-1,0,1,-1,1,1,0,0,-1,0,-1,-1,-1,-1,-1,-1,-1,-1,1,-1,1,-1,-1,-1,-1,0,-1,-1,1,1,-1,1,-1,-1,0,-1,0,0,-1,1,-1,1,-1,1,-1,-1,0,0,-1,0,-1,1,1,1,-1,-1,1,1,-1,0,-1,0,-1,-1,-1
72,0,1,-1,-1,-1,-1,1,-1,-1,0,0,-1,0,0,-1,-1,-1,1,0,0,-1,-1,-1,0,-1,0,0,-1,-1,1,-1,-1,-1,-1,-1,0,-1,0,-1,0,-1,0,0,-1,0,-1,0,0,0,-1,-1,0,-1,0,-1,-1,0,-1,-1,-1,0,-1,-1,0,-1,0,-1,-1,-1,0,0,-1,-1,-1,0,-1,-1,-1,-1,-1,0,-1,0,0,-1,0,-1,-1,-1,-1,-1,0,0,1,-1,1,-1,-1,-1,-1,-1,0,0,0,-1,0,1,-1,1,1,0,0,-1,0,-1,-1,-1,-1,-1,-1,-1,-1,1,-1,1,1,-1,-1,-1,0,-1,-1,1,1,-1,1,-1,-1,0,-1,0,0,-1,1,-1,1,-1,1,-1,-1,0,0,-1,0,-1,1,1,1,-1,-1,1,1,-1,0,-1,0,-1,-1,-1
73,0,1,-1,-1,-1,-1,1,-1,-1,0,0,-1,0,0,-1,-1,1,1,0,0,-1,-1,-1,0,-1,0,0,-1,-1,1,-1,-1,-1,-1,-1,0,-1,0,-1,0,-1,0,0,-1,0,-1,0,0,0,-1,-1,0,-1,0,-1,-1,0,-1,-1,-1,0,-1,-1,0,-1,0,-1,-1,-1,0,0,-1,-1,-1,0,-1,-1,-1,-1,-1,0,-1,0,0,-1,0,-1,-1,-1,-1,-1,0,0,1,-1,1,-1,-1,-1,-1,-1,0,0,0,-1,0,1,-1,1,1,0,0,-1,0,-1,-1,-1,-1,-1,-1,-1,-1,1,-1,1,1,-1,-1,-1,0,-1,-1,1,1,-1,1,-1,-1,0,-1,0,0,-1,1,-1,1,-1,1,-1,-1,0,0,-1,0,-1,1,1,1,-1,-1,1,1,-1,0,-1,0,-1,-1,-1
74,0,1,-1,-1,-1,-1,1,-1,-1,0,0,-1,0,0,-1,0,1,1,0,0,-1,-1,-1,0,-1,0,0,-1,-1,1,-1,-1,-1,-1,-1,0,-1,0,-1,0,-1,0,0,-1,0,-1,0,0,0,-1,-1,0,-1,0,-1,-1,0,-1,-1,-1,0,-1,-1,0,-1,0,-1,-1,-1,0,0,-1,-1,-1,0,-1,-1,-1,-1,-1,0,-1,0,0,-1,0,-1,-1,-1,-1,-1,0,0,1,-1,1,-1,-1,-1,-1,-1,0,0,0,-1,0,1,-1,1,1,0,0,-1,0,-1,-1,-1,-1,-1,-1,-1,-1,1,-1,1,1,-1,-1,-1,0,-1,-1,1,1,-1,1,-1,-1,0,-1,0,0,-1,1,-1,1,-1,1,-1,-1,0,0,-1,0,-1,1,1,1,-1,-1,1,1,-1,0,-1,0,-1,-1,-1
75,0,1,-1,-1,-1,-1,1,-1,-1,0,0,-1,0,0,-1,0,1,1,0,0,-1,-1,-1,0,-1,0,0,-1,-1,1,-1,-1,-1,-1,-1,0,-1,0,-1,0,-1,0,0,-1,0,-1,0,0,0,-1,-1,0,-1,0,-1,-1,0,-1,-1,-1,0,-1,-1,0,-1,0,-1,-1,-1,0,0,-1,-1,-1,0,-1,-1,-1,-1,-1,0,-1,0,0,-1,0,-1,-1,-1,-1,-1,0,0,1,-1,1,0,-1,-1,-1,-1,0,0,0,-1,0,1,-1,1,1,0,0,-1,0,-1,-1,-1,-1,-1,-1,-1,-1,1,-1,1,1,-1,-1,-1,0,-1,-1,1,1,-1,1,-1,-1,0,-1,0,0,-1,1,-1,1,-1,1,-1,-1,0,0,-1,0,-1,1,1,1,-1,-1,1,1,-1,0,-1,0,-1,-1,-1
76,0,1,-1,-1,-1,-1,1,-1,-1,0,0,-1,0,0,-1,0,1,1,0,0,-1,-1,-1,0,-1,0,0,-1,-1,1,-1,-1,-1,-1,-1,0,-1,0,-1,0,-1,0,0,-1,0,-1,0,0,0,-1,-1,0,-1,0,-1,-1,0,-1,-1,-1,0,-1,-1,0,-1,0,-1,-1,-1,0,0,-1,-1,-1,0,-1,-1,-1,-1,-1,0,-1,0,0,-1,0,-1,-1,-1,-1,-1,0,0,1,-1,1,0,-1,-1,-1,-1,0,0,0,-1,0,1,-1,1,1,0,0,-1,0,-1,-1,-1,-1,1,-1,-1,-1,1,-1,1,1,-1,-1,-1,0,-1,-1,1,1,-1,1,-1,-1,0,-1,0,0,-1,1,-1,1,-1,1,-1,-1,0,0,-1,0,-1,1,1,1,-1,-1,1,1,-1,0,-1,0,-1,-1,-1
77,0,1,-1,-1,-1,-1,1,-1,-1,0,0,-1,0,0,-1,0,1,1,0,0,-1,-1,-1,0,-1,0,0,-1,-1,1,-1,-1,-1,-1,-1,0,-1,0,-1,0,-1,0,0,-1,0,-1,0,0,0,-1,-1,0,-1,0,-1,-1,0,-1,-1,-1,0,-1,-1,0,-1,0,-1,-1,-1,0,0,-1,-1,-1,0,-1,-1,-1,-1,-1,0,-1,0,0,-1,0,-1,-1,-1,-1,-1,0,0,1,-1,1,0,-1,-1,-1,-1,0,0,0,-1,0,1,-1,1,1,0,0,-1,0,-1,-1,-1,-1,1,-1,-1,-1,1,-1,1,1,-1,0,-1,0,-1,-1,1,1,-1,1,-1,-1,0,-1,0,0,-1,1,-1,1,-1,1,-1,-1,0,0,-1,0,-1,1,1,1,-1,-1,1,1,-1,0,-1,0,-1,-1,-1
78,0,1,-1,-1,-1,-1,1,-1,-1,0,0,-1,0,0,-1,0,1,1,0,0,-1,-1,-1,0,-1,0,0,-1,-1,1,-1,-1,-1,-1,-1,0,-1,0,-1,0,-1,0,0,-1,0,-1,0,0,0,-1,-1,0,-1,0,-1,-1,0,-1,-1,-1,0,-1,-1,0,-1,0,-1,-1,-1,0,0,-1,-1,-1,0,-1,-1,-1,-1,-1,0,-1,0,0,-1,0,-1,-1,-1,-1,-1,0,0,1,-1,1,0,-1,-1,-1,-1,0,0,0,-1,0,1,-1,1,1,0,0,-1,0,-1,-1,-1,-1,1,-1,-1,-1,1,-1,1,1,-1,0,-1,0,-1,-1,1,1,-1,1,-1,-1,0,-1,0,0,0,1,-1,1,-1,1,-1,-1,0,0,-1,0,-1,1,1,1,-1,-1,1,1,-1,0,-1,0,-1,-1,-1
79,0,1,-1,-1,-1,-1,1,-1,-1,0,0,-1,0,0,-1,0,1,1,0,0,-1,-1,-1,0,-1,0,0,1,-1,1,-1,-1,-1,-1,-1,0,-1,0,-1,0,-1,0,0,-1,0,-1,0,0,0,-1,-1,0,-1,0,-1,-1,0,-1,-1,-1,0,-1,-1,0,-1,0,-1,-1,-1,0,0,-1,-1,-1,0,-1,-1,-1,-1,-1,0,-1,0,0,-1,0,-1,-1,-1,-1,-1,0,0,1,-1,1,0,-1,-1,-1,-1,0,0,0,-1,0,1,-1,1,1,0,0,-1,0,-1,-1,-1,-1,1,-1,-1,-1,1,-1,1,1,-1,0,-1,0,-1,-1,1,1,-1,1,-1,-1,0,-1,0,0,0,1,-1,1,-1,1,-1,-1,0,0,-1,0,-1,1,1,1,-1,-1,1,1,-1,0,-1,0,-1,-1,-1
80,0,1,-1,-1,-1,-1,1,-1,-1,0,0,-1,0,0,-1,0,1,1,0,0,-1,-1,-1,0,-1,0,0,1,-1,1,-1,-1,-1,-1,-1,0,-1,0,-1,0,-1,0,0,-1,0,-1,0,0,0,-1,-1,0,-1,0,-1,-1,0,-1,-1,-1,0,-1,-1,0,-1,0,-1,-1,-1,0,0,-1,-1,-1,0,-1,-1,-1,-1,-1,0,-1,0,0,-1,0,-1,-1,-1,-1,-1,0,0,1,-1,1,0,-1,-1,-1,-1,0,0,0,-1,0,1,1,1,1,0,0,-1,0,-1,-1,-1,-1,1,-1,-1,-1,1,-1,1,1,-1,0,-1,0,-1,-1,1,1,-1,1,-1,-1,0,-1,0,0,0,1,-1,1,-1,1,-1,-1,0,0,-1,0,-1,1,1,1,-1,-1,1,1,-1,0,-1,0,-1,-1,-1
81,0,1,-1,-1,-1,-1,1,-1,-1,0,0,-1,0,0,-1,0,1,1,0,0,-1,-1,-1,0,-1,0,0,1,-1,1,-1,-1,-1,-1,-1,0,-1,0,-1,0,-1,0,0,-1,0,-1,0,0,0,-1,-1,0,-1,0,-1,-1,0,-1,-1,-1,0,-1,-1,0,-1,0,-1,-1,-1,0,0,-1,-1,-1,0,-1,-1,-1,-1,-1,0,-1,0,0,-1,0,-1,-1,-1,-1,-1,0,0,1,-1,1,0,-1,-1,-1,-1,0,0,0,-1,0,1,1,1,1,0,0,-1,0,-1,-1,-1,-1,1,-1,-1,-1,1,-1,1,1,-1,0,-1,0,-1,-1,1,1,-1,1,-1,-1,0,-1,0,0,0,1,-1,1,-1,1,1,-1,0,0,-1,0,-1,1,1,1,-1,-1,1,1,-1,0,-1,0,-1,-1,-1
82,0,1,-1,-1,-1,-1,1,-1,-1,0,0,-1,0,0,-1,0,1,1,0,0,-1,-1,-1,0,-1,0,0,1,-1,1,-1,-1,-1,-1,-1,0,-1,0,-1,0,-1,0,0,-1,0,-1,0,0,0,-1,-1,0,-1,0,-1,-1,0,-1,-1,-1,0,-1,-1,0,-1,0,-1,-1,-1,0,0,-1,-1,-1,0,-1,-1,-1,-1,-1,0,-1,0,0,-1,0,-1,-1,-1,-1,-1,0,0,1,-1,1,0,-1,-1,-1,-1,0,0,0,-1,0,1,1,1,1,0,0,-1,0,-1,-1,-1,-1,1,-1,-1,-1,1,-1,1,1,-1,0,-1,0,-1,-1,1,1,-1,1,1,-1,0,-1,0,0,0,1,-1,1,-1,1,1,-1,0,0,-1,0,-1,1,1,1,-1,-1,1,1,-1,0,-1,0,-1,-1,-1
83,0,1,-1,-1,-1,-1,1,-1,-1,0,0,-1,0,0,-1,0,1,1,0,0,-1,-1,-1,0,-1,0,0,1,-1,1,-1,-1,-1,-1,-1,0,-1,0,-1,0,-1,0,0,-1,0,-1,0,0,0,-1,-1,0,-1,0,-1,-1,0,-1,-1,-1,0,-1,-1,0,-1,0,-1,-1,-1,0,0,-1,-1,-1,0,-1,-1,-1,-1,-1,0,-1,0,0,-1,0,-1,-1,-1,-1,-1,0,0,1,-1,1,0,-1,-1,-1,-1,0,0,0,-1,0,1,1,1,1,0,0,-1,0,-1,-1,-1,-1,1,-1,-1,-1,1,-1,1,1,-1,0,-1,0,-1,-1,1,1,-1,1,1,-1,0,-1,0,0,0,1,-1,1,-1,1,1,-1,0,0,-1,0,-1,1,1,1,1,-1,1,1,-1,0,-1,0,-1,-1,-1
84,0,1,-1,-1,-1,-1,1,-1,-1,0,0,-1,0,0,-1,0,1,1,0,0,-1,-1,-1,0,-1,0,0,1,-1,1,-1,-1,-1,-1,-1,0,-1,0,-1,0,-1,0,0,-1,0,-1,0,0,0,-1,-1,0,-1,0,-1,-1,0,-1,0,-1,0,-1,-1,0,-1,0,-1,-1,-1,0,0,-1,-1,-1,0,-1,-1,-1,-1,-1,0,-1,0,0,-1,0,-1,-1,-1,-1,-1,0,0,1,-1,1,0,-1,-1,-1,-1,0,0,0,-1,0,1,1,1,1,0,0,-1,0,-1,-1,-1,-1,1,-1,-1,-1,1,-1,1,1,-1,0,-1,0,-1,-1,1,1,-1,1,1,-1,0,-1,0,0,0,1,-1,1,-1,1,1,-1,0,0,-1,0,-1,1,1,1,1,-1,1,1,-1,0,-1,0,-1,-1,-1
85,0,1,-1,-1,-1,-1,1,-1,-1,0,0,-1,0,0,-1,0,1,1,0,0,-1,-1,-1,0,-1,0,0,1,-1,1,-1,-1,-1,-1,-1,0,-1,0,-1,0,-1,0,0,-1,0,-1,0,0,0,-1,-1,0,0,0,-1,-1,0,-1,0,-1,0,-1,-1,0,-1,0,-1,-1,-1,0,0,-1,-1,-1,0,-1,-1,-1,-1,-1,0,-1,0,0,-1,0,-1,-1,-1,-1,-1,0,0,1,-1,1,0,-1,-1,-1,-1,0,0,0,-1,0,1,1,1,1,0,0,-1,0,-1,-1,-1,-1,1,-1,-1,-1,1,-1,1,1,-1,0,-1,0,-1,-1,1,1,-1,1,1,-1,0,-1,0,0,0,1,-1,1,-1,1,1,-1,0,0,-1,0,-1,1,1,1,1,-1,1,1,-1,0,-1,0,-1,-1,-1
86,0,1,-1,-1,-1,-1,1,-1,-1,0,0,-1,0,0,-1,0,1,1,0,0,-1,-1,-1,0,-1,0,0,1,-1,1,-1,-1,-1,-1,-1,0,-1,0,-1,0,-1,0,0,-1,0,-1,0,0,0,-1,-1,0,0,0,-1,-1,0,-1,0,-1,0,-1,-1,0,-1,0,-1,-1,-1,0,0,-1,-1,-1,0,-1,-1,-1,-1,-1,0,0,0,0,-1,0,-1,-1,-1,-1,-1,0,0,1,-1,1,0,-1,-1,-1,-1,0,0,0,-1,0,1,1,1,1,0,0,-1,0,-1,-1,-1,-1,1,-1,-1,-1,1,-1,1,1,-1,0,-1,0,-1,-1,1,1,-1,1,1,-1,0,-1,0,0,0,1,-1,1,-1,1,1,-1,0,0,-1,0,-1,1,1,1,1,-1,1,1,-1,0,-1,0,-1,-1,-1
87,0,1,-1,-1,-1,-1,1,-1,-1,0,0,-1,0,0,-1,0,1,1,0,0,-1,-1,-1,0,-1,0,0,1,-1,1,-1,-1,-1,-1,0,0,-1,0,-1,0,-1,0,0,-1,0,-1,0,0,0,-1,-1,0,0,0,-1,-1,0,-1,0,-1,0,-1,-1,0,-1,0,-1,-1,-1,0,0,-1,-1,-1,0,-1,-1,-1,-1,-1,0,0,0,0,-1,0,-1,-1,-1,-1,-1,0,0,1,-1,1,0,-1,-1,-1,-1,0,0,0,-1,0,1,1,1,1,0,0,-1,0,-1,-1,-1,-1,1,-1,-1,-1,1,-1,1,1,-1,0,-1,0,-1,-1,1,1,-1,1,1,-1,0,-1,0,0,0,1,-1,1,-1,1,1,-1,0,0,-1,0,-1,1,1,1,1,-1,1,1,-1,0,-1,0,-1,-1,-1
88,0,1,-1,-1,-1,-1,1,-1,-1,0,0,-1,0,0,-1,0,1,1,0,0,-1,-1,-1,0,-1,0,0,1,-1,1,-1,-1,-1,-1,0,0,-1,0,-1,0,-1,0,0,-1,0,-1,0,0,0,-1,-1,0,0,0,-1,-1,0,-1,0,-1,0,-1,-1,0,-1,0,-1,-1,-1,0,0,-1,-1,-1,0,-1,-1,-1,-1,-1,0,0,0,0,-1,0,-1,-1,-1,-1,-1,0,0,1,-1,1,0,-1,-1,-1,-1,0,0,0,-1,0,1,1,1,1,0,0,0,0,-1,-1,-1,-1,1,-1,-1,-1,1,-1,1,1,-1,0,-1,0,-1,-1,1,1,-1,1,1,-1,0,-1,0,0,0,1,-1,1,-1,1,1,-1,0,0,-1,0,-1,1,1,1,1,-1,1,1,-1,0,-1,0,-1,-1,-1
89,0,1,-1,1,-1,-1,1,-1,-1,0,0,-1,0,0,-1,0,1,1,0,0,-1,-1,-1,0,-1,0,0,1,-1,1,-1,-1,-1,-1,0,0,-1,0,-1,0,-1,0,0,-1,0,-1,0,0,0,-1,-1,0,0,0,-1,-1,0,-1,0,-1,0,-1,-1,0,-1,0,-1,-1,-1,0,0,-1,-1,-1,0,-1,-1,-1,-1,-1,0,0,0,0,-1,0,-1,-1,-1,-1,-1,0,0,1,-1,1,0,-1,-1,-1,-1,0,0,0,-1,0,1,1,1,1,0,0,0,0,-1,-1,-1,-1,1,-1,-1,-1,1,-1,1,1,-1,0,-1,0,-1,-1,1,1,-1,1,1,-1,0,-1,0,0,0,1,-1,1,-1,1,1,-1,0,0,-1,0,-1,1,1,1,1,-1,1,1,-1,0,-1,0,-1,-1,-1
90,0,1,-1,1,-1,-1,1,-1,-1,0,0,-1,0,0,-1,0,1,1,0,0,-1,-1,-1,0,-1,0,0,1,1,1,-1,-1,-1,-1,0,0,-1,0,-1,0,-1,0,0,-1,0,-1,0,0,0,-1,-1,0,0,0,-1,-1,0,-1,0,-1,0,-1,-1,0,-1,0,-1,-1,-1,0,0,-1,-1,-1,0,-1,-1,-1,-1,-1,0,0,0,0,-1,0,-1,-1,-1,-1,-1,0,0,1,-1,1,0,-1,-1,-1,-1,0,0,0,-1,0,1,1,1,1,0,0,0,0,-1,-1,-1,-1,1,-1,-1,-1,1,-1,1,1,-1,0,-1,0,-1,-1,1,1,-1,1,1,-1,0,-1,0,0,0,1,-1,1,-1,1,1,-1,0,0,-1,0,-1,1,1,1,1,-1,1,1,-1,0,-1,0,-1,-1,-1
91,0,1,-1,1,-1,-1,1,-1,-1,0,0,-1,0,0,-1,0,1,1,0,0,-1,-1,-1,0,-1,0,0,1,1,1,-1,-1,-1,-1,0,0,-1,0,-1,0,-1,0,0,-1,0,-1,0,0,0,-1,-1,0,0,0,-1,-1,0,-1,0,-1,0,-1,-1,0,-1,0,-1,-1,-1,0,0,-1,-1,-1,0,-1,-1,-1,-1,-1,0,0,0,0,-1,0,0,-1,-1,-1,-1,0,0,1,-1,1,0,-1,-1,-1,-1,0,0,0,-1,0,1,1,1,1,0,0,0,0,-1,-1,-1,-1,1,-1,-1,-1,1,-1,1,1,-1,0,-1,0,-1,-1,1,1,-1,1,1,-1,0,-1,0,0,0,1,-1,1,-1,1,1,-1,0,0,-1,0,-1,1,1,1,1,-1,1,1,-1,0,-1,0,-1,-1,-1
92,0,1,-1,1,-1,-1,1,-1,-1,0,0,-1,0,0,-1,0,1,1,0,0,-1,-1,-1,0,-1,0,0,1,1,1,-1,-1,-1,-1,0,0,-1,0,-1,0,-1,0,0,-1,0,-1,0,0,0,-1,-1,0,0,0,-1,-1,0,-1,0,-1,0,-1,-1,0,-1,0,-1,-1,-1,0,0,-1,-1,-1,0,-1,-1,-1,-1,-1,0,0,0,0,-1,0,0,-1,-1,-1,-1,0,0,1,-1,1,0,-1,-1,-1,-1,0,0,0,-1,0,1,1,1,1,0,0,0,0,-1,-1,0,-1,1,-1,-1,-1,1,-1,1,1,-1,0,-1,0,-1,-1,1,1,-1,1,1,-1,0,-1,0,0,0,1,-1,1,-1,1,1,-1,0,0,-1,0,-1,1,1,1,1,-1,1,1,-1,0,-1,0,-1,-1,-1
93,0,1,-1,1,-1,-1,1,-1,-1,0,0,-1,0,0,-1,0,1,1,0,0,-1,-1,-1,0,-1,0,0,1,1,1,-1,-1,-1,-1,0,0,-1,0,-1,0,-1,0,0,-1,0,-1,0,0,0,-1,-1,0,0,0,-1,-1,0,-1,0,-1,0,-1,-1,0,-1,0,-1,-1,-1,0,0,-1,-1,-1,0,-1,-1,-1,-1,-1,0,0,0,0,-1,0,0,-1,-1,-1,-1,0,0,1,-1,1,0,-1,-1,-1,-1,0,0,0,-1,0,1,1,1,1,0,0,0,0,-1,-1,0,-1,1,-1,-1,-1,1,1,1,1,-1,0,-1,0,-1,-1,1,1,-1,1,1,-1,0,-1,0,0,0,1,-1,1,-1,1,1,-1,0,0,-1,0,-1,1,1,1,1,-1,1,1,-1,0,-1,0,-1,-1,-1
94,0,1,-1,1,-1,-1,1,0,-1,0,0,-1,0,0,-1,0,1,1,0,0,-1,-1,-1,0,-1,0,0,1,1,1,-1,-1,-1,-1,0,0,-1,0,-1,0,-1,0,0,-1,0,-1,0,0,0,-1,-1,0,0,0,-1,-1,0,-1,0,-1,0,-1,-1,0,-1,0,-1,-1,-1,0,0,-1,-1,-1,0,-1,-1,-1,-1,-1,0,0,0,0,-1,0,0,-1,-1,-1,-1,0,0,1,-1,1,0,-1,-1,-1,-1,0,0,0,-1,0,1,1,1,1,0,0,0,0,-1,-1,0,-1,1,-1,-1,-1,1,1,1,1,-1,0,-1,0,-1,-1,1,1,-1,1,1,-1,0,-1,0,0,0,1,-1,1,-1,1,1,-1,0,0,-1,0,-1,1,1,1,1,-1,1,1,-1,0,-1,0,-1,-1,-1
95,0,1,-1,1,-1,-1,1,0,-1,0,0,-1,0,0,-1,0,1,1,0,0,-1,-1,-1,0,-1,0,0,1,1,1,-1,0,-1,-1,0,0,-1,0,-1,0,-1,0,0,-1,0,-1,0,0,0,-1,-1,0,0,0,-1,-1,0,-1,0,-1,0,-1,-1,0,-1,0,-1,-1,-1,0,0,-1,-1,-1,0,-1,-1,-1,-1,-1,0,0,0,0,-1,0,0,-1,-1,-1,-1,0,0,1,-1,1,0,-1,-1,-1,-1,0,0,0,-1,0,1,1,1,1,0,0,0,0,-1,-1,0,-1,1,-1,-1,-1,1,1,1,1,-1,0,-1,0,-1,-1,1,1,-1,1,1,-1,0,-1,0,0,0,1,-1,1,-1,1,1,-1,0,0,-1,0,-1,1,1,1,1,-1,1,1,-1,0,-1,0,-1,-1,-1
96,0,1,-1,1,-1,-1,1,0,-1,0,0,-1,0,0,-1,0,1,1,0,0,-1,-1,-1,0,-1,0,0,1,1,1,-1,0,-1,-1,0,0,-1,0,-1,0,-1,0,0,-1,0,-1,0,0,0,-1,-1,0,0,0,-1,-1,0,-1,0,-1,0,-1,-1,0,-1,0,-1,-1,-1,0,0,-1,-1,-1,0,-1,-1,-1,-1,-1,0,0,0,0,-1,0,0,-1,-1,-1,-1,0,0,1,-1,1,0,-1,-1,-1,-1,0,0,0,-1,0,1,1,1,1,0,0,0,0,-1,-1,0,-1,1,-1,-1,-1,1,1,1,1,-1,0,-1,0,-1,-1,1,1,-1,1,1,-1,0,-1,0,0,0,1,-1,1,-1,1,1,-1,0,0,-1,0,-1,1,1,1,1,-1,1,1,0,0,-1,0,-1,-1,-1
97,0,1,-1,1,-1,-1,1,0,-1,0,0,-1,0,0,-1,0,1,1,0,0,-1,-1,-1,0,-1,0,0,1,1,1,-1,0,-1,-1,0,0,-1,0,-1,0,-1,0,0,-1,0,-1,0,0,0,-1,-1,0,0,0,-1,-1,0,-1,0,-1,0,-1,-1,0,-1,0,-1,-1,-1,0,0,-1,-1,-1,0,-1,-1,-1,-1,-1,0,0,0,0,-1,0,0,-1,-1,-1,-1,0,0,1,-1,1,0,-1,-1,-1,-1,0,0,0,-1,0,1,1,1,1,0,0,0,0,-1,-1,0,-1,1,-1,-1,-1,1,1,1,1,-1,0,-1,0,-1,-1,1,1,-1,1,1,-1,0,-1,0,0,0,1,-1,1,-1,1,1,1,0,0,-1,0,-1,1,1,1,1,-1,1,1,0,0,-1,0,-1,-1,-1
98,0,1,1,1,-1,-1,1,0,-1,0,0,-1,0,0,-1,0,1,1,0,0,-1,-1,-1,0,-1,0,0,1,1,1,-1,0,-1,-1,0,0,-1,0,-1,0,-1,0,0,-1,0,-1,0,0,0,-1,-1,0,0,0,-1,-1,0,-1,0,-1,0,-1,-1,0,-1,0,-1,-1,-1,0,0,-1,-1,-1,0,-1,-1,-1,-1,-1,0,0,0,0,-1,0,0,-1,-1,-1,-1,0,0,1,-1,1,0,-1,-1,-1,-1,0,0,0,-1,0,1,1,1,1,0,0,0,0,-1,-1,0,-1,1,-1,-1,-1,1,1,1,1,-1,0,-1,0,-1,-1,1,1,-1,1,1,-1,0,-1,0,0,0,1,-1,1,-1,1,1,1,0,0,-1,0,-1,1,1,1,1,-1,1,1,0,0,-1,0,-1,-1,-1
99,0,1,1,1,-1,-1,1,0,-1,0,0,-1,0,0,1,0,1,1,0,0,-1,-1,-1,0,-1,0,0,1,1,1,-1,0,-1,-1,0,0,-1,0,-1,0,-1,0,0,-1,0,-1,0,0,0,-1,-1,0,0,0,-1,-1,0,-1,0,-1,0,-1,-1,0,-1,0,-1,-1,-1,0,0,-1,-1,-1,0,-1,-1,-1,-1,-1,0,0,0,0,-1,0,0,-1,-1,-1,-1,0,0,1,-1,1,0,-1,-1,-1,-1,0,0,0,-1,0,1,1,1,1,0,0,0,0,-1,-1,0,-1,1,-1,-1,-1,1,1,1,1,-1,0,-1,0,-1,-1,1,1,-1,1,1,-1,0,-1,0,0,0,1,-1,1,-1,1,1,1,0,0,-1,0,-1,1,1,1,1,-1,1,1,0,0,-1,0,-1,-1,-1
100,0,1,1,1,-1,-1,1,0,-1,0,0,-1,0,0,1,0,1,1,0,0,-1,-1,-1,0,-1,0,0,1,1,1,-1,0,-1,-1,0,0,-1,0,-1,0,-1,0,0,-1,0,-1,0,0,0,-1,-1,0,0,0,-1,-1,0,-1,0,-1,0,-1,-1,0,-1,0,-1,-1,-1,0,0,-1,-1,-1,0,-1,-1,-1,-1,-1,0,0,0,0,-1,0,0,-1,-1,-1,-1,0,0,1,-1,1,0,-1,-1,-1,-1,0,0,0,-1,0,1,1,1,1,0,0,0,0,-1,-1,0,-1,1,-1,-1,-1,1,1,1,1,-1,0,-1,0,-1,-1,1,1,-1,1,1,-1,0,-1,0,0,0,1,-1,1,-1,1,1,1,0,0,-1,0,-1,1,1,1,1,-1,1,1,0,0,-1,0,-1,0,-1
101,0,1,1,1,-1,-1,1,0,-1,0,0,-1,0,0,1,0,1,1,0,0,-1,-1,-1,0,-1,0,0,1,1,1,-1,0,-1,-1,0,0,-1,0,-1,0,-1,0,0,-1,0,-1,0,0,0,-1,-1,0,0,0,-1,-1,0,-1,0,-1,0,-1,-1,0,-1,0,-1,0,-1,0,0,-1,-1,-1,0,-1,-1,-1,-1,-1,0,0,0,0,-1,0,0,-1,-1,-1,-1,0,0,1,-1,1,0,-1,-1,-1,-1,0,0,0,-1,0,1,1,1,1,0,0,0,0,-1,-1,0,-1,1,-1,-1,-1,1,1,1,1,-1,0,-1,0,-1,-1,1,1,-1,1,1,-1,0,-1,0,0,0,1,-1,1,-1,1,1,1,0,0,-1,0,-1,1,1,1,1,-1,1,1,0,0,-1,0,-1,0,-1
102,0,1,1,1,-1,-1,1,0,-1,0,0,-1,0,0,1,0,1,1,0,0,-1,-1,-1,0,-1,0,0,1,1,1,-1,0,-1,-1,0,0,-1,0,-1,0,-1,0,0,-1,0,-1,0,0,0,-1,-1,0,0,0,-1,-1,0,-1,0,-1,0,-1,-1,0,-1,0,-1,0,-1,0,0,-1,-1,-1,0,-1,-1,-1,-1,-1,0,0,0,0,-1,0,0,-1,-1,-1,-1,0,0,1,-1,1,0,-1,-1,-1,-1,0,0,0,-1,0,1,1,1,1,0,0,0,0,-1,-1,0,-1,1,-1,-1,-1,1,1,1,1,-1,0,-1,0,-1,1,1,1,-1,1,1,-1,0,-1,0,0,0,1,-1,1,-1,1,1,1,0,0,-1,0,-1,1,1,1,1,-1,1,1,0,0,-1,0,-1,0,-1
103,0,1,1,1,-1,-1,1,0,-1,0,0,-1,0,0,1,0,1,1,0,0,-1,-1,-1,0,-1,0,0,1,1,1,-1,0,-1,-1,0,0,-1,0,-1,0,-1,0,0,-1,0,-1,0,0,0,-1,-1,0,0,0,-1,-1,0,-1,0,-1,0,-1,-1,0,-1,0,-1,0,-1,0,0,-1,-1,-1,0,-1,-1,-1,-1,0,0,0,0,0,-1,0,0,-1,-1,-1,-1,0,0,1,-1,1,0,-1,-1,-1,-1,0,0,0,-1,0,1,1,1,1,0,0,0,0,-1,-1,0,-1,1,-1,-1,-1,1,1,1,1,-1,0,-1,0,-1,1,1,1,-1,1,1,-1,0,-1,0,0,0,1,-1,1,-1,1,1,1,0,0,-1,0,-1,1,1,1,1,-1,1,1,0,0,-1,0,-1,0,-1
104,0,1,1,1,-1,-1,1,0,-1,0,0,-1,0,0,1,0,1,1,0,0,-1,-1,-1,0,-1,0,0,1,1,1,-1,0,-1,-1,0,0,-1,0,-1,0,-1,0,0,-1,0,-1,0,0,0,-1,0,0,0,0,-1,-1,0,-1,0,-1,0,-1,-1,0,-1,0,-1,0,-1,0,0,-1,-1,-1,0,-1,-1,-1,-1,0,0,0,0,0,-1,0,0,-1,-1,-1,-1,0,0,1,-1,1,0,-1,-1,-1,-1,0,0,0,-1,0,1,1,1,1,0,0,0,0,-1,-1,0,-1,1,-1,-1,-1,1,1,1,1,-1,0,-1,0,-1,1,1,1,-1,1,1,-1,0,-1,0,0,0,1,-1,1,-1,1,1,1,0,0,-1,0,-1,1,1,1,1,-1,1,1,0,0,-1,0,-1,0,-1
105,0,1,1,1,-1,-1,1,0,-1,0,0,-1,0,0,1,0,1,1,0,0,-1,-1,-1,0,-1,0,0,1,1,1,0,0,-1,-1,0,0,-1,0,-1,0,-1,0,0,-1,0,-1,0,0,0,-1,0,0,0,0,-1,-1,0,-1,0,-1,0,-1,-1,0,-1,0,-1,0,-1,0,0,-1,-1,-1,0,-1,-1,-1,-1,0,0,0,0,0,-1,0,0,-1,-1,-1,-1,0,0,1,-1,1,0,-1,-1,-1,-1,0,0,0,-1,0,1,1,1,1,0,0,0,0,-1,-1,0,-1,1,-1,-1,-1,1,1,1,1,-1,0,-1,0,-1,1,1,1,-1,1,1,-1,0,-1,0,0,0,1,-1,1,-1,1,1,1,0,0,-1,0,-1,1,1,1,1,-1,1,1,0,0,-1,0,-1,0,-1
106,0,1,1,1,-1,-1,1,0,-1,0,0,-1,0,0,1,0,1,1,0,0,-1,-1,-1,0,-1,0,0,1,1,1,0,0,-1,-1,0,0,-1,0,-1,0,-1,0,0,-1,0,-1,0,0,0,-1,0,0,0,0,-1,-1,0,-1,0,-1,0,-1,-1,0,-1,0,-1,0,-1,0,0,-1,-1,-1,0,-1,-1,-1,-1,0,0,0,0,0,-1,0,0,-1,-1,-1,-1,0,0,1,-1,1,0,-1,-1,-1,-1,0,0,0,-1,0,1,1,1,1,0,0,0,0,-1,-1,0,-1,1,-1,1,-1,1,1,1,1,-1,0,-1,0,-1,1,1,1,-1,1,1,-1,0,-1,0,0,0,1,-1,1,-1,1,1,1,0,0,-1,0,-1,1,1,1,1,-1,1,1,0,0,-1,0,-1,0,-1
107,0,1,1,1,-1,-1,1,0,-1,0,0,-1,0,0,1,0,1,1,0,0,-1,-1,-1,0,-1,0,0,1,1,1,0,0,-1,-1,0,0,-1,0,-1,0,-1,0,0,-1,0,-1,0,0,0,-1,0,0,0,0,-1,-1,0,-1,0,-1,0,-1,-1,0,-1,0,-1,0,-1,0,0,-1,-1,-1,0,-1,-1,-1,-1,0,0,0,0,0,-1,0,0,-1,-1,-1,-1,0,0,1,-1,1,0,-1,-1,-1,-1,0,0,0,-1,0,1,1,1,1,0,0,0,0,-1,-1,0,-1,1,-1,1,-1,1,1,1,1,1,0,-1,0,-1,1,1,1,-1,1,1,-1,0,-1,0,0,0,1,-1,1,-1,1,1,1,0,0,-1,0,-1,1,1,1,1,-1,1,1,0,0,-1,0,-1,0,-1
108,0,1,1,1,-1,-1,1,0,-1,0,0,-1,0,0,1,0,1,1,0,0,-1,-1,-1,0,-1,0,0,1,1,1,0,0,-1,-1,0,0,-1,0,-1,0,-1,0,0,-1,0,-1,0,0,0,-1,0,0,0,0,-1,-1,0,-1,0,-1,0,-1,-1,0,-1,0,-1,0,-1,0,0,-1,-1,-1,0,-1,-1,-1,-1,0,0,0,0,0,-1,0,0,-1,-1,-1,-1,0,0,1,1,1,0,-1,-1,-1,-1,0,0,0,-1,0,1,1,1,1,0,0,0,0,-1,-1,0,-1,1,-1,1,-1,1,1,1,1,1,0,-1,0,-1,1,1,1,-1,1,1,-1,0,-1,0,0,0,1,-1,1,-1,1,1,1,0,0,-1,0,-1,1,1,1,1,-1,1,1,0,0,-1,0,-1,0,-1
109,0,1,1,1,-1,-1,1,0,-1,0,0,-1,0,0,1,0,1,1,0,0,-1,-1,-1,0,-1,0,0,1,1,1,0,0,-1,-1,0,0,-1,0,-1,0,-1,0,0,-1,0,-1,0,0,0,-1,0,0,0,0,-1,-1,0,-1,0,-1,0,-1,-1,0,-1,0,-1,0,-1,0,0,-1,-1,-1,0,-1,-1,-1,-1,0,0,0,0,0,-1,0,0,-1,-1,-1,-1,0,0,1,1,1,0,-1,-1,-1,-1,0,0,0,-1,0,1,1,1,1,0,0,0,0,-1,-1,0,-1,1,-1,1,-1,1,1,1,1,1,0,-1,0,-1,1,1,1,-1,1,1,-1,0,-1,0,0,0,1,-1,1,-1,1,1,1,0,0,-1,0,0,1,1,1,1,-1,1,1,0,0,-1,0,-1,0,-1
110,0,1,1,1,-1,-1,1,0,-1,0,0,-1,0,0,1,0,1,1,0,0,-1,-1,-1,0,-1,0,0,1,1,1,0,0,-1,-1,0,0,-1,0,-1,0,-1,0,0,-1,0,-1,0,0,0,-1,0,0,0,0,-1,-1,0,-1,0,-1,0,-1,-1,0,-1,0,-1,0,-1,0,0,-1,-1,-1,0,-1,-1,-1,-1,0,0,0,0,0,-1,0,0,-1,-1,-1,-1,0,0,1,1,1,0,-1,-1,-1,-1,0,0,0,-1,0,1,1,1,1,0,0,0,0,-1,-1,0,1,1,-1,1,-1,1,1,1,1,1,0,-1,0,-1,1,1,1,-1,1,1,-1,0,-1,0,0,0,1,-1,1,-1,1,1,1,0,0,-1,0,0,1,1,1,1,-1,1,1,0,0,-1,0,-1,0,-1
111,0,1,1,1,-1,-1,1,0,-1,0,0,-1,0,0,1,0,1,1,0,0,-1,-1,-1,0,-1,0,0,1,1,1,0,0,-1,-1,0,0,-1,0,-1,0,-1,0,0,-1,0,-1,0,0,0,-1,0,0,0,0,-1,-1,0,-1,0,-1,0,-1,-1,0,-1,0,-1,0,-1,0,0,-1,-1,-1,0,-1,-1,-1,-1,0,0,0,0,0,-1,0,0,-1,-1,-1,-1,0,0,1,1,1,0,-1,-1,-1,-1,0,0,0,-1,0,1,1,1,1,0,0,0,0,-1,-1,0,1,1,-1,1,-1,1,1,1,1,1,0,0,0,-1,1,1,1,-1,1,1,-1,0,-1,0,0,0,1,-1,1,-1,1,1,1,0,0,-1,0,0,1,1,1,1,-1,1,1,0,0,-1,0,-1,0,-1
112,0,1,1,1,-1,-1,1,0,-1,0,0,-1,0,0,1,0,1,1,0,0,-1,-1,-1,0,-1,0,0,1,1,1,0,0,-1,-1,0,0,-1,0,-1,0,-1,0,0,-1,0,-1,0,0,0,-1,0,0,0,0,-1,-1,0,-1,0,-1,0,-1,-1,0,-1,0,-1,0,-1,0,0,-1,-1,0,0,-1,-1,-1,-1,0,0,0,0,0,-1,0,0,-1,-1,-1,-1,0,0,1,1,1,0,-1,-1,-1,-1,0,0,0,-1,0,1,1,1,1,0,0,0,0,-1,-1,0,1,1,-1,1,-1,1,1,1,1,1,0,0,0,-1,1,1,1,-1,1,1,-1,0,-1,0,0,0,1,-1,1,-1,1,1,1,0,0,-1,0,0,1,1,1,1,-1,1,1,0,0,-1,0,-1,0,-1
113,0,1,1,1,-1,-1,1,0,-1,0,0,-1,0,0,1,0,1,1,0,0,-1,-1,-1,0,-1,0,0,1,1,1,0,0,-1,-1,0,0,-1,0,-1,0,-1,0,0,-1,0,-1,0,0,0,-1,0,0,0,0,-1,-1,0,-1,0,-1,0,-1,-1,0,-1,0,-1,0,-1,0,0,-1,-1,0,0,-1,-1,-1,-1,0,0,0,0,0,-1,0,0,-1,-1,-1,-1,0,0,1,1,1,0,-1,-1,-1,-1,0,0,0,-1,0,1,1,1,1,0,0,0,0,-1,-1,0,1,1,-1,1,-1,1,1,1,1,1,0,0,0,-1,1,1,1,-1,1,1,-1,0,0,0,0,0,1,-1,1,-1,1,1,1,0,0,-1,0,0,1,1,1,1,-1,1,1,0,0,-1,0,-1,0,-1
114,0,1,1,1,-1,1,1,0,-1,0,0,-1,0,0,1,0,1,1,0,0,-1,-1,-1,0,-1,0,0,1,1,1,0,0,-1,-1,0,0,-1,0,-1,0,-1,0,0,-1,0,-1,0,0,0,-1,0,0,0,0,-1,-1,0,-1,0,-1,0,-1,-1,0,-1,0,-1,0,-1,0,0,-1,-1,0,0,-1,-1,-1,-1,0,0,0,0,0,-1,0,0,-1,-1,-1,-1,0,0,1,1,1,0,-1,-1,-1,-1,0,0,0,-1,0,1,1,1,1,0,0,0,0,-1,-1,0,1,1,-1,1,-1,1,1,1,1,1,0,0,0,-1,1,1,1,-1,1,1,-1,0,0,0,0,0,1,-1,1,-1,1,1,1,0,0,-1,0,0,1,1,1,1,-1,1,1,0,0,-1,0,-1,0,-1
115,0,1,1,1,-1,1,1,0,0,0,0,-1,0,0,1,0,1,1,0,0,-1,-1,-1,0,-1,0,0,1,1,1,0,0,-1,-1,0,0,-1,0,-1,0,-1,0,0,-1,0,-1,0,0,0,-1,0,0,0,0,-1,-1,0,-1,0,-1,0,-1,-1,0,-1,0,-1,0,-1,0,0,-1,-1,0,0,-1,-1,-1,-1,0,0,0,0,0,-1,0,0,-1,-1,-1,-1,0,0,1,1,1,0,-1,-1,-1,-1,0,0,0,-1,0,1,1,1,1,0,0,0,0,-1,-1,0,1,1,-1,1,-1,1,1,1,1,1,0,0,0,-1,1,1,1,-1,1,1,-1,0,0,0,0,0,1,-1,1,-1,1,1,1,0,0,-1,0,0,1,1,1,1,-1,1,1,0,0,-1,0,-1,0,-1
116,0,1,1,1,-1,1,1,0,0,0,0,-1,0,0,1,0,1,1,0,0,-1,-1,-1,0,-1,0,0,1,1,1,0,0,-1,-1,0,0,-1,0,-1,0,-1,0,0,-1,0,-1,0,0,0,-1,0,0,0,0,-1,-1,0,-1,0,-1,0,-1,-1,0,-1,0,-1,0,-1,0,0,-1,-1,0,0,-1,-1,-1,-1,0,0,0,0,0,-1,0,0,-1,-1,-1,-1,0,0,1,1,1,0,-1,-1,-1,-1,0,0,0,-1,0,1,1,1,1,0,0,0,0,-1,-1,0,1,1,-1,1,-1,1,1,1,1,1,0,0,0,1,1,1,1,-1,1,1,-1,0,0,0,0,0,1,-1,1,-1,1,1,1,0,0,-1,0,0,1,1,1,1,-1,1,1,0,0,-1,0,-1,0,-1
117,0,1,1,1,1,1,1,0,0,0,0,-1,0,0,1,0,1,1,0,0,-1,-1,-1,0,-1,0,0,1,1,1,0,0,-1,-1,0,0,-1,0,-1,0,-1,0,0,-1,0,-1,0,0,0,-1,0,0,0,0,-1,-1,0,-1,0,-1,0,-1,-1,0,-1,0,-1,0,-1,0,0,-1,-1,0,0,-1,-1,-1,-1,0,0,0,0,0,-1,0,0,-1,-1,-1,-1,0,0,1,1,1,0,-1,-1,-1,-1,0,0,0,-1,0,1,1,1,1,0,0,0,0,-1,-1,0,1,1,-1,1,-1,1,1,1,1,1,0,0,0,1,1,1,1,-1,1,1,-1,0,0,0,0,0,1,-1,1,-1,1,1,1,0,0,-1,0,0,1,1,1,1,-1,1,1,0,0,-1,0,-1,0,-1
118,0,1,1,1,1,1,1,0,0,0,0,-1,0,0,1,0,1,1,0,0,-1,-1,-1,0,-1,0,0,1,1,1,0,0,-1,-1,0,0,-1,0,-1,0,-1,0,0,-1,0,-1,0,0,0,-1,0,0,0,0,-1,-1,0,-1,0,-1,0,-1,-1,0,-1,0,-1,0,-1,0,0,-1,-1,0,0,-1,-1,-1,-1,0,0,0,0,0,-1,0,0,-1,-1,-1,-1,0,0,1,1,1,0,-1,-1,-1,-1,0,0,0,-1,0,1,1,1,1,0,0,0,0,-1,-1,0,1,1,-1,1,-1,1,1,1,1,1,0,0,0,1,1,1,1,-1,1,1,-1,0,0,0,0,0,1,-1,1,-1,1,1,1,0,0,-1,0,0,1,1,1,1,-1,1,1,0,0,-1,0,-1,0,0
119,0,1,1,1,1,1,1,0,0,0,0,-1,0,0,1,0,1,1,0,0,-1,-1,-1,0,-1,0,0,1,1,1,0,0,-1,-1,0,0,-1,0,-1,0,-1,0,0,-1,0,-1,0,0,0,-1,0,0,0,0,-1,-1,0,-1,0,-1,0,-1,-1,0,-1,0,-1,0,-1,0,0,-1,-1,0,0,-1,0,-1,-1,0,0,0,0,0,-1,0,0,-1,-1,-1,-1,0,0,1,1,1,0,-1,-1,-1,-1,0,0,0,-1,0,1,1,1,1,0,0,0,0,-1,-1,0,1,1,-1,1,-1,1,1,1,1,1,0,0,0,1,1,1,1,-1,1,1,-1,0,0,0,0,0,1,-1,1,-1,1,1,1,0,0,-1,0,0,1,1,1,1,-1,1,1,0,0,-1,0,-1,0,0
120,0,1,1,1,1,1,1,0,0,0,0,-1,0,0,1,0,1,1,0,0,-1,-1,-1,0,-1,0,0,1,1,1,0,0,-1,-1,0,0,-1,0,-1,0,-1,0,0,-1,0,-1,0,0,0,-1,0,0,0,0,0,-1,0,-1,0,-1,0,-1,-1,0,-1,0,-1,0,-1,0,0,-1,-1,0,0,-1,0,-1,-1,0,0,0,0,0,-1,0,0,-1,-1,-1,-1,0,0,1,1,1,0,-1,-1,-1,-1,0,0,0,-1,0,1,1,1,1,0,0,0,0,-1,-1,0,1,1,-1,1,-1,1,1,1,1,1,0,0,0,1,1,1,1,-1,1,1,-1,0,0,0,0,0,1,-1,1,-1,1,1,1,0,0,-1,0,0,1,1,1,1,-1,1,1,0,0,-1,0,-1,0,0
121,0,1,1,1,1,1,1,0,0,0,0,-1,0,0,1,0,1,1,0,0,-1,-1,-1,0,-1,0,0,1,1,1,0,0,-1,-1,0,0,-1,0,-1,0,-1,0,0,-1,0,-1,0,0,0,-1,0,0,0,0,0,-1,0,-1,0,-1,0,-1,-1,0,-1,0,-1,0,-1,0,0,-1,-1,0,0,-1,0,-1,-1,0,0,0,0,0,-1,0,0,-1,-1,-1,-1,0,0,1,1,1,0,-1,-1,-1,-1,0,0,0,-1,0,1,1,1,1,0,0,0,0,-1,-1,0,1,1,-1,1,-1,1,1,1,1,1,0,0,0,1,1,1,1,-1,1,1,1,0,0,0,0,0,1,-1,1,-1,1,1,1,0,0,-1,0,0,1,1,1,1,-1,1,1,0,0,-1,0,-1,0,0
122,0,1,1,1,1,1,1,0,0,0,0,-1,0,0,1,0,1,1,0,0,-1,-1,-1,0,-1,0,0,1,1,1,0,0,-1,-1,0,0,-1,0,-1,0,-1,0,0,-1,0,-1,0,0,0,-1,0,0,0,0,0,-1,0,-1,0,-1,0,-1,-1,0,-1,0,-1,0,-1,0,0,-1,-1,0,0,-1,0,-1,-1,0,0,0,0,0,-1,0,0,-1,-1,-1,-1,0,0,1,1,1,0,-1,-1,-1,-1,0,0,0,-1,0,1,1,1,1,0,0,0,0,-1,-1,0,1,1,-1,1,1,1,1,1,1,1,0,0,0,1,1,1,1,-1,1,1,1,0,0,0,0,0,1,-1,1,-1,1,1,1,0,0,-1,0,0,1,1,1,1,-1,1,1,0,0,-1,0,-1,0,0
123,0,1,1,1,1,1,1,0,0,0,0,-1,0,0,1,0,1,1,0,0,-1,-1,-1,0,-1,0,0,1,1,1,0,0,-1,-1,0,0,-1,0,-1,0,-1,0,0,-1,0,-1,0,0,0,-1,0,0,0,0,0,-1,0,-1,0,-1,0,-1,-1,0,-1,0,-1,0,-1,0,0,-1,-1,0,0,-1,0,-1,-1,0,0,0,0,0,-1,0,0,-1,-1,-1,-1,0,0,1,1,1,0,0,-1,-1,-1,0,0,0,-1,0,1,1,1,1,0,0,0,0,-1,-1,0,1,1,-1,1,1,1,1,1,1,1,0,0,0,1,1,1,1,-1,1,1,1,0,0,0,0,0,1,-1,1,-1,1,1,1,0,0,-1,0,0,1,1,1,1,-1,1,1,0,0,-1,0,-1,0,0
124,0,1,1,1,1,1,1,0,0,0,0,-1,0,0,1,0,1,1,0,0,-1,-1,-1,0,-1,0,0,1,1,1,0,0,-1,-1,0,0,-1,0,-1,0,-1,0,0,-1,0,-1,0,0,0,-1,0,0,0,0,0,-1,0,-1,0,-1,0,-1,-1,0,-1,0,-1,0,-1,0,0,-1,-1,0,0,-1,0,-1,-1,0,0,0,0,0,-1,0,0,-1,-1,-1,-1,0,0,1,1,1,0,0,-1,-1,-1,0,0,0,-1,0,1,1,1,1,0,0,0,0,-1,-1,0,1,1,-1,1,1,1,1,1,1,1,0,0,0,1,1,1,1,-1,1,1,1,0,0,0,0,0,1,-1,1,-1,1,1,1,0,0,0,0,0,1,1,1,1,-1,1,1,0,0,-1,0,-1,0,0
125,0,1,1,1,1,1,1,0,0,0,0,-1,0,0,1,0,1,1,0,0,-1,-1,-1,0,-1,0,0,1,1,1,0,0,-1,-1,0,0,-1,0,-1,0,-1,0,0,-1,0,-1,0,0,0,-1,0,0,0,0,0,-1,0,-1,0,-1,0,-1,-1,0,-1,0,-1,0,-1,0,0,-1,-1,0,0,-1,0,-1,-1,0,0,0,0,0,-1,0,0,-1,-1,-1,0,0,0,1,1,1,0,0,-1,-1,-1,0,0,0,-1,0,1,1,1,1,0,0,0,0,-1,-1,0,1,1,-1,1,1,1,1,1,1,1,0,0,0,1,1,1,1,-1,1,1,1,0,0,0,0,0,1,-1,1,-1,1,1,1,0,0,0,0,0,1,1,1,1,-1,1,1,0,0,-1,0,-1,0,0
126,0,1,1,1,1,1,1,0,0,0,0,-1,0,0,1,0,1,1,0,0,-1,-1,-1,0,-1,0,0,1,1,1,0,0,-1,-1,0,0,-1,0,-1,0,-1,0,0,-1,0,-1,0,0,0,-1,0,0,0,0,0,-1,0,-1,0,-1,0,-1,-1,0,-1,0,-1,0,-1,0,0,-1,-1,0,0,-1,0,-1,-1,0,0,0,0,0,-1,0,0,-1,-1,-1,0,0,0,1,1,1,0,0,-1,0,-1,0,0,0,-1,0,1,1,1,1,0,0,0,0,-1,-1,0,1,1,-1,1,1,1,1,1,1,1,0,0,0,1,1,1,1,-1,1,1,1,0,0,0,0,0,1,-1,1,-1,1,1,1,0,0,0,0,0,1,1,1,1,-1,1,1,0,0,-1,0,-1,0,0
127,0,1,1,1,1,1,1,0,0,0,0,-1,0,0,1,0,1,1,0,0,-1,-1,-1,0,-1,0,0,1,1,1,0,0,-1,-1,0,0,-1,0,-1,0,0,0,0,-1,0,-1,0,0,0,-1,0,0,0,0,0,-1,0,-1,0,-1,0,-1,-1,0,-1,0,-1,0,-1,0,0,-1,-1,0,0,-1,0,-1,-1,0,0,0,0,0,-1,0,0,-1,-1,-1,0,0,0,1,1,1,0,0,-1,0,-1,0,0,0,-1,0,1,1,1,1,0,0,0,0,-1,-1,0,1,1,-1,1,1,1,1,1,1,1,0,0,0,1,1,1,1,-1,1,1,1,0,0,0,0,0,1,-1,1,-1,1,1,1,0,0,0,0,0,1,1,1,1,-1,1,1,0,0,-1,0,-1,0,0
128,0,1,1,1,1,1,1,0,0,0,0,-1,0,0,1,0,1,1,0,0,-1,-1,-1,0,-1,0,0,1,1,1,0,0,-1,-1,0,0,-1,0,-1,0,0,0,0,-1,0,-1,0,0,0,-1,0,0,0,0,0,-1,0,-1,0,-1,0,-1,-1,0,-1,0,-1,0,-1,0,0,-1,-1,0,0,-1,0,-1,-1,0,0,0,0,0,-1,0,0,-1,-1,-1,0,0,0,1,1,1,0,0,-1,0,-1,0,0,0,-1,0,1,1,1,1,0,0,0,0,-1,-1,0,1,1,1,1,1,1,1,1,1,1,0,0,0,1,1,1,1,-1,1,1,1,0,0,0,0,0,1,-1,1,-1,1,1,1,0,0,0,0,0,1,1,1,1,-1,1,1,0,0,-1,0,-1,0,0
129,0,1,1,1,1,1,1,0,0,0,0,0,0,0,1,0,1,1,0,0,-1,-1,-1,0,-1,0,0,1,1,1,0,0,-1,-1,0,0,-1,0,-1,0,0,0,0,-1,0,-1,0,0,0,-1,0,0,0,0,0,-1,0,-1,0,-1,0,-1,-1,0,-1,0,-1,0,-1,0,0,-1,-1,0,0,-1,0,-1,-1,0,0,0,0,0,-1,0,0,-1,-1,-1,0,0,0,1,1,1,0,0,-1,0,-1,0,0,0,-1,0,1,1,1,1,0,0,0,0,-1,-1,0,1,1,1,1,1,1,1,1,1,1,0,0,0,1,1,1,1,-1,1,1,1,0,0,0,0,0,1,-1,1,-1,1,1,1,0,0,0,0,0,1,1,1,1,-1,1,1,0,0,-1,0,-1,0,0
130,0,1,1,1,1,1,1,0,0,0,0,0,0,0,1,0,1,1,0,0,-1,-1,-1,0,-1,0,0,1,1,1,0,0,-1,-1,0,0,-1,0,-1,0,0,0,0,-1,0,-1,0,0,0,-1,0,0,0,0,0,-1,0,-1,0,-1,0,-1,-1,0,-1,0,-1,0,0,0,0,-1,-1,0,0,-1,0,-1,-1,0,0,0,0,0,-1,0,0,-1,-1,-1,0,0,0,1,1,1,0,0,-1,0,-1,0,0,0,-1,0,1,1,1,1,0,0,0,0,-1,-1,0,1,1,1,1,1,1,1,1,1,1,0,0,0,1,1,1,1,-1,1,1,1,0,0,0,0,0,1,-1,1,-1,1,1,1,0,0,0,0,0,1,1,1,1,-1,1,1,0,0,-1,0,-1,0,0
131,0,1,1,1,1,1,1,0,0,0,0,0,0,0,1,0,1,1,0,0,-1,-1,-1,0,-1,0,0,1,1,1,0,0,-1,-1,0,0,-1,0,-1,0,0,0,0,0,0,-1,0,0,0,-1,0,0,0,0,0,-1,0,-1,0,-1,0,-1,-1,0,-1,0,-1,0,0,0,0,-1,-1,0,0,-1,0,-1,-1,0,0,0,0,0,-1,0,0,-1,-1,-1,0,0,0,1,1,1,0,0,-1,0,-1,0,0,0,-1,0,1,1,1,1,0,0,0,0,-1,-1,0,1,1,1,1,1,1,1,1,1,1,0,0,0,1,1,1,1,-1,1,1,1,0,0,0,0,0,1,-1,1,-1,1,1,1,0,0,0,0,0,1,1,1,1,-1,1,1,0,0,-1,0,-1,0,0
132,0,1,1,1,1,1,1,0,0,0,0,0,0,0,1,0,1,1,0,0,-1,-1,-1,0,-1,0,0,1,1,1,0,0,-1,-1,0,0,-1,0,-1,0,0,0,0,0,0,-1,0,0,0,-1,0,0,0,0,0,-1,0,-1,0,-1,0,-1,-1,0,-1,0,-1,0,0,0,0,-1,-1,0,0,-1,0,-1,-1,0,0,0,0,0,-1,0,0,-1,-1,-1,0,0,0,1,1,1,0,0,0,0,-1,0,0,0,-1,0,1,1,1,1,0,0,0,0,-1,-1,0,1,1,1,1,1,1,1,1,1,1,0,0,0,1,1,1,1,-1,1,1,1,0,0,0,0,0,1,-1,1,-1,1,1,1,0,0,0,0,0,1,1,1,1,-1,1,1,0,0,-1,0,-1,0,0
133,0,1,1,1,1,1,1,0,0,0,0,0,0,0,1,0,1,1,0,0,-1,-1,-1,0,-1,0,0,1,1,1,0,0,-1,0,0,0,-1,0,-1,0,0,0,0,0,0,-1,0,0,0,-1,0,0,0,0,0,-1,0,-1,0,-1,0,-1,-1,0,-1,0,-1,0,0,0,0,-1,-1,0,0,-1,0,-1,-1,0,0,0,0,0,-1,0,0,-1,-1,-1,0,0,0,1,1,1,0,0,0,0,-1,0,0,0,-1,0,1,1,1,1,0,0,0,0,-1,-1,0,1,1,1,1,1,1,1,1,1,1,0,0,0,1,1,1,1,-1,1,1,1,0,0,0,0,0,1,-1,1,-1,1,1,1,0,0,0,0,0,1,1,1,1,-1,1,1,0,0,-1,0,-1,0,0
134,0,1,1,1,1,1,1,0,0,0,0,0,0,0,1,0,1,1,0,0,-1,-1,-1,0,-1,0,0,1,1,1,0,0,0,0,0,0,-1,0,-1,0,0,0,0,0,0,-1,0,0,0,-1,0,0,0,0,0,-1,0,-1,0,-1,0,-1,-1,0,-1,0,-1,0,0,0,0,-1,-1,0,0,-1,0,-1,-1,0,0,0,0,0,-1,0,0,-1,-1,-1,0,0,0,1,1,1,0,0,0,0,-1,0,0,0,-1,0,1,1,1,1,0,0,0,0,-1,-1,0,1,1,1,1,1,1,1,1,1,1,0,0,0,1,1,1,1,-1,1,1,1,0,0,0,0,0,1,-1,1,-1,1,1,1,0,0,0,0,0,1,1,1,1,-1,1,1,0,0,-1,0,-1,0,0
135,0,1,1,1,1,1,1,0,0,0,0,0,0,0,1,0,1,1,0,0,-1,-1,-1,0,-1,0,0,1,1,1,0,0,0,0,0,0,-1,0,-1,0,0,0,0,0,0,-1,0,0,0,-1,0,0,0,0,0,-1,0,-1,0,-1,0,-1,-1,0,-1,0,-1,0,0,0,0,0,-1,0,0,-1,0,-1,-1,0,0,0,0,0,-1,0,0,-1,-1,-1,0,0,0,1,1,1,0,0,0,0,-1,0,0,0,-1,0,1,1,1,1,0,0,0,0,-1,-1,0,1,1,1,1,1,1,1,1,1,1,0,0,0,1,1,1,1,-1,1,1,1,0,0,0,0,0,1,-1,1,-1,1,1,1,0,0,0,0,0,1,1,1,1,-1,1,1,0,0,-1,0,-1,0,0
136,0,1,1,1,1,1,1,0,0,0,0,0,0,0,1,0,1,1,0,0,-1,-1,-1,0,-1,0,0,1,1,1,0,0,0,0,0,0,-1,0,-1,0,0,0,0,0,0,-1,0,0,0,-1,0,0,0,0,0,-1,0,-1,0,-1,0,-1,-1,0,-1,0,-1,0,0,0,0,0,-1,0,0,-1,0,-1,-1,0,0,0,0,0,-1,0,0,-1,-1,-1,0,0,0,1,1,1,0,0,0,0,-1,0,0,0,0,0,1,1,1,1,0,0,0,0,-1,-1,0,1,1,1,1,1,1,1,1,1,1,0,0,0,1,1,1,1,-1,1,1,1,0,0,0,0,0,1,-1,1,-1,1,1,1,0,0,0,0,0,1,1,1,1,-1,1,1,0,0,-1,0,-1,0,0
137,0,1,1,1,1,1,1,0,0,0,0,0,0,0,1,0,1,1,0,0,-1,-1,-1,0,-1,0,0,1,1,1,0,0,0,0,0,0,-1,0,-1,0,0,0,0,0,0,-1,0,0,0,-1,0,0,0,0,0,-1,0,-1,0,-1,0,-1,-1,0,-1,0,-1,0,0,0,0,0,-1,0,0,0,0,-1,-1,0,0,0,0,0,-1,0,0,-1,-1,-1,0,0,0,1,1,1,0,0,0,0,-1,0,0,0,0,0,1,1,1,1,0,0,0,0,-1,-1,0,1,1,1,1,1,1,1,1,1,1,0,0,0,1,1,1,1,-1,1,1,1,0,0,0,0,0,1,-1,1,-1,1,1,1,0,0,0,0,0,1,1,1,1,-1,1,1,0,0,-1,0,-1,0,0
138,0,1,1,1,1,1,1,0,0,0,0,0,0,0,1,0,1,1,0,0,-1,-1,-1,0,-1,0,0,1,1,1,0,0,0,0,0,0,-1,0,-1,0,0,0,0,0,0,-1,0,0,0,-1,0,0,0,0,0,-1,0,-1,0,-1,0,-1,-1,0,-1,0,-1,0,0,0,0,0,-1,0,0,0,0,-1,-1,0,0,0,0,0,-1,0,0,-1,-1,-1,0,0,0,1,1,1,0,0,0,0,0,0,0,0,0,0,1,1,1,1,0,0,0,0,-1,-1,0,1,1,1,1,1,1,1,1,1,1,0,0,0,1,1,1,1,-1,1,1,1,0,0,0,0,0,1,-1,1,-1,1,1,1,0,0,0,0,0,1,1,1,1,-1,1,1,0,0,-1,0,-1,0,0
139,0,1,1,1,1,1,1,0,0,0,0,0,0,0,1,0,1,1,0,0,-1,-1,-1,0,-1,0,0,1,1,1,0,0,0,0,0,0,-1,0,-1,0,0,0,0,0,0,-1,0,0,0,-1,0,0,0,0,0,-1,0,-1,0,-1,0,-1,-1,0,-1,0,-1,0,0,0,0,0,-1,0,0,0,0,-1,-1,0,0,0,0,0,-1,0,0,-1,-1,-1,0,0,0,1,1,1,0,0,0,0,0,0,0,0,0,0,1,1,1,1,0,0,0,0,-1,-1,0,1,1,1,1,1,1,1,1,1,1,0,0,0,1,1,1,1,-1,1,1,1,0,0,0,0,0,1,-1,1,-1,1,1,1,0,0,0,0,0,1,1,1,1,1,1,1,0,0,-1,0,-1,0,0
140,0,1,1,1,1,1,1,0,0,0,0,0,0,0,1,0,1,1,0,0,-1,-1,-1,0,-1,0,0,1,1,1,0,0,0,0,0,0,-1,0,-1,0,0,0,0,0,0,-1,0,0,0,-1,0,0,0,0,0,-1,0,-1,0,-1,0,-1,-1,0,-1,0,-1,0,0,0,0,0,-1,0,0,0,0,-1,-1,0,0,0,0,0,-1,0,0,-1,-1,-1,0,0,0,1,1,1,0,0,0,0,0,0,0,0,0,0,1,1,1,1,0,0,0,0,-1,-1,0,1,1,1,1,1,1,1,1,1,1,0,0,0,1,1,1,1,-1,1,1,1,0,0,0,0,0,1,1,1,-1,1,1,1,0,0,0,0,0,1,1,1,1,1,1,1,0,0,-1,0,-1,0,0
141,0,1,1,1,1,1,1,0,0,0,0,0,0,0,1,0,1,1,0,0,-1,-1,-1,0,-1,0,0,1,1,1,0,0,0,0,0,0,-1,0,-1,0,0,0,0,0,0,-1,0,0,0,-1,0,0,0,0,0,-1,0,-1,0,-1,0,-1,-1,0,-1,0,-1,0,0,0,0,0,-1,0,0,0,0,-1,-1,0,0,0,0,0,-1,0,0,-1,-1,-1,0,0,0,1,1,1,0,0,0,0,0,0,0,0,0,0,1,1,1,1,0,0,0,0,-1,-1,0,1,1,1,1,1,1,1,1,1,1,0,0,0,1,1,1,1,-1,1,1,1,0,0,0,0,0,1,1,1,-1,1,1,1,0,0,0,0,0,1,1,1,1,1,1,1,0,0,0,0,-1,0,0
142,0,1,1,1,1,1,1,0,0,0,0,0,0,0,1,0,1,1,0,0,-1,-1,-1,0,-1,0,0,1,1,1,0,0,0,0,0,0,-1,0,-1,0,0,0,0,0,0,-1,0,0,0,-1,0,0,0,0,0,-1,0,-1,0,-1,0,-1,-1,0,-1,0,-1,0,0,0,0,0,-1,0,0,0,0,-1,-1,0,0,0,0,0,-1,0,0,-1,-1,0,0,0,0,1,1,1,0,0,0,0,0,0,0,0,0,0,1,1,1,1,0,0,0,0,-1,-1,0,1,1,1,1,1,1,1,1,1,1,0,0,0,1,1,1,1,-1,1,1,1,0,0,0,0,0,1,1,1,-1,1,1,1,0,0,0,0,0,1,1,1,1,1,1,1,0,0,0,0,-1,0,0
143,0,1,1,1,1,1,1,0,0,0,0,0,0,0,1,0,1,1,0,0,-1,-1,-1,0,-1,0,0,1,1,1,0,0,0,0,0,0,-1,0,-1,0,0,0,0,0,0,-1,0,0,0,-1,0,0,0,0,0,-1,0,-1,0,-1,0,-1,-1,0,-1,0,-1,0,0,0,0,0,-1,0,0,0,0,-1,-1,0,0,0,0,0,-1,0,0,-1,-1,0,0,0,0,1,1,1,0,0,0,0,0,0,0,0,0,0,1,1,1,1,0,0,0,0,-1,-1,0,1,1,1,1,1,1,1,1,1,1,0,0,0,1,1,1,1,1,1,1,1,0,0,0,0,0,1,1,1,-1,1,1,1,0,0,0,0,0,1,1,1,1,1,1,1,0,0,0,0,-1,0,0
144,0,1,1,1,1,1,1,0,0,0,0,0,0,0,1,0,1,1,0,0,-1,-1,-1,0,-1,0,0,1,1,1,0,0,0,0,0,0,-1,0,-1,0,0,0,0,0,0,-1,0,0,0,-1,0,0,0,0,0,-1,0,-1,0,-1,0,-1,-1,0,-1,0,-1,0,0,0,0,0,-1,0,0,0,0,-1,-1,0,0,0,0,0,-1,0,0,-1,-1,0,0,0,0,1,1,1,0,0,0,0,0,0,0,0,0,0,1,1,1,1,0,0,0,0,-1,-1,0,1,1,1,1,1,1,1,1,1,1,0,0,0,1,1,1,1,1,1,1,1,0,0,0,0,0,1,1,1,1,1,1,1,0,0,0,0,0,1,1,1,1,1,1,1,0,0,0,0,-1,0,0
